pft,par.names,par.prior,par.lower,par.upper,par.pftspecif,par.unit,reference,description,comment,Zaehle2005,process
BoBS,ALBEDO_LEAF_BoBS,0.18,0.11,0.25,TRUE,-,S18a Tab S5,leaf albedo,LPJmL4 default,NA,albedo
BoNE,ALBEDO_LEAF_BoNE,0.18,0.08,0.18,TRUE,-,S18a Tab S5,leaf albedo,LPJmL4 default,NA,albedo
BoNS,ALBEDO_LEAF_BoNS,0.12,0.05,0.19,TRUE,-,S18a Tab S5,leaf albedo,LPJmL4 default,NA,albedo
PoH,ALBEDO_LEAF_PoH,0.23,0.14,0.28,TRUE,-,S18a Tab S5,leaf albedo,LPJmL4 default,NA,albedo
TeBE,ALBEDO_LEAF_TeBE,0.15,0.08,0.16,TRUE,-,S18a Tab S5,leaf albedo,LPJmL4 default,NA,albedo
TeBS,ALBEDO_LEAF_TeBS,0.15,0.1,0.18,TRUE,-,S18a Tab S5,leaf albedo,LPJmL4 default,NA,albedo
TeH,ALBEDO_LEAF_TeH,0.23,0.13,0.32,TRUE,-,S18a Tab S5,leaf albedo,LPJmL4 default,NA,albedo
TeNE,ALBEDO_LEAF_TeNE,0.137,0.08,0.18,TRUE,-,S18a Tab S5,leaf albedo,LPJmL4 default,NA,albedo
TrBE,ALBEDO_LEAF_TrBE,0.13,0.08,0.16,TRUE,-,S18a Tab S5,leaf albedo,LPJmL4 default,NA,albedo
TrBR,ALBEDO_LEAF_TrBR,0.14,0.1,0.18,TRUE,-,S18a Tab S5,leaf albedo,LPJmL4 default,NA,albedo
TrH,ALBEDO_LEAF_TrH,0.21,0.13,0.32,TRUE,-,S18a Tab S5,leaf albedo,LPJmL4 default,NA,albedo
BoBS,ALBEDO_LITTER_BoBS,0.1,0,0.2,TRUE,-,S18a Tab S5,litter albedo,LPJmL4 default,NA,albedo
BoNE,ALBEDO_LITTER_BoNE,0.1,0,0.2,TRUE,-,S18a Tab S5,litter albedo,LPJmL4 default,NA,albedo
BoNS,ALBEDO_LITTER_BoNS,0.01,0,0.2,TRUE,-,S18a Tab S5,litter albedo,LPJmL4 default,NA,albedo
PoH,ALBEDO_LITTER_PoH,0.1,0,0.2,TRUE,-,S18a Tab S5,litter albedo,LPJmL4 default,NA,albedo
TeBE,ALBEDO_LITTER_TeBE,0.1,0,0.2,TRUE,-,S18a Tab S5,litter albedo,LPJmL4 default,NA,albedo
TeBS,ALBEDO_LITTER_TeBS,0.1,0,0.2,TRUE,-,S18a Tab S5,litter albedo,LPJmL4 default,NA,albedo
TeH,ALBEDO_LITTER_TeH,0.1,0,0.2,TRUE,-,S18a Tab S5,litter albedo,LPJmL4 default,NA,albedo
TeNE,ALBEDO_LITTER_TeNE,0.1,0,0.2,TRUE,-,S18a Tab S5,litter albedo,LPJmL4 default,NA,albedo
TrBE,ALBEDO_LITTER_TrBE,0.1,0,0.2,TRUE,-,S18a Tab S5,litter albedo,LPJmL4 default,NA,albedo
TrBR,ALBEDO_LITTER_TrBR,0.1,0,0.2,TRUE,-,S18a Tab S5,litter albedo,LPJmL4 default,NA,albedo
TrH,ALBEDO_LITTER_TrH,0.1,0,0.2,TRUE,-,S18a Tab S5,litter albedo,LPJmL4 default,NA,albedo
BoBS,ALBEDO_STEM_BoBS,0.1,0.01,0.15,TRUE,-,S18a Tab S5,stem albedo,LPJmL4 default,NA,albedo
BoNE,ALBEDO_STEM_BoNE,0.1,0.01,0.15,TRUE,-,S18a Tab S5,stem albedo,LPJmL4 default,NA,albedo
BoNS,ALBEDO_STEM_BoNS,0.05,0.01,0.15,TRUE,-,S18a Tab S5,stem albedo,LPJmL4 default,NA,albedo
PoH,ALBEDO_STEM_PoH,0.1,0.1,0.1,TRUE,-,S18a Tab S5,stem albedo,LPJmL4 default,NA,albedo
TeBE,ALBEDO_STEM_TeBE,0.04,0.01,0.15,TRUE,-,S18a Tab S5,stem albedo,LPJmL4 default,NA,albedo
TeBS,ALBEDO_STEM_TeBS,0.04,0.01,0.15,TRUE,-,S18a Tab S5,stem albedo,LPJmL4 default,NA,albedo
TeH,ALBEDO_STEM_TeH,0.15,0.15,0.15,TRUE,-,S18a Tab S5,stem albedo,LPJmL4 default,NA,albedo
TeNE,ALBEDO_STEM_TeNE,0.04,0.01,0.15,TRUE,-,S18a Tab S5,stem albedo,LPJmL4 default,NA,albedo
TrBE,ALBEDO_STEM_TrBE,0.1,0.01,0.15,TRUE,-,S18a Tab S5,stem albedo,LPJmL4 default,NA,albedo
TrBR,ALBEDO_STEM_TrBR,0.1,0.01,0.15,TRUE,-,S18a Tab S5,stem albedo,LPJmL4 default,NA,albedo
TrH,ALBEDO_STEM_TrH,0.15,15,0.15,TRUE,-,S18a Tab S5,stem albedo,LPJmL4 default,NA,albedo
BoBS,ALLOM1_BoBS,100,50,150,TRUE,-,S18a Tab S6,Parameter for allometric relation ship Eq. 50,LPJmL4 default,TRUE,allometry
BoNE,ALLOM1_BoNE,100,50,150,TRUE,-,S18a Tab S6,Parameter for allometric relation ship Eq. 50,LPJmL4 default,TRUE,allometry
BoNS,ALLOM1_BoNS,100,50,150,TRUE,-,S18a Tab S6,Parameter for allometric relation ship Eq. 50,LPJmL4 default,TRUE,allometry
TeBE,ALLOM1_TeBE,100,75,125,TRUE,-,S18a Tab S6,Parameter for allometric relation ship Eq. 50,LPJmL4 default,TRUE,allometry
TeBS,ALLOM1_TeBS,100,75,125,TRUE,-,S18a Tab S6,Parameter for allometric relation ship Eq. 50,LPJmL4 default,TRUE,allometry
TeNE,ALLOM1_TeNE,100,75,125,TRUE,-,S18a Tab S6,Parameter for allometric relation ship Eq. 50,LPJmL4 default,TRUE,allometry
TrBE,ALLOM1_TrBE,100,50,150,TRUE,-,S18a Tab S6,Parameter for allometric relation ship Eq. 50,LPJmL4 default,TRUE,allometry
TrBR,ALLOM1_TrBR,100,50,150,TRUE,-,S18a Tab S6,Parameter for allometric relation ship Eq. 50,LPJmL4 default,TRUE,allometry
BoBS,ALLOM2_BoBS,40,30,50,TRUE,-,S18a Tab S6,Parameter for allometric relation ship Eq. 49,LPJmL4 default,TRUE,allometry
BoNE,ALLOM2_BoNE,40,30,50,TRUE,-,S18a Tab S6,Parameter for allometric relation ship Eq. 49,LPJmL4 default,TRUE,allometry
BoNS,ALLOM2_BoNS,40,30,50,TRUE,-,S18a Tab S6,Parameter for allometric relation ship Eq. 49,LPJmL4 default,TRUE,allometry
TeBE,ALLOM2_TeBE,40,20,60,TRUE,-,S18a Tab S6,Parameter for allometric relation ship Eq. 49,LPJmL4 default,TRUE,allometry
TeBS,ALLOM2_TeBS,40,20,60,TRUE,-,S18a Tab S6,Parameter for allometric relation ship Eq. 49,LPJmL4 default,TRUE,allometry
TeNE,ALLOM2_TeNE,40,20,60,TRUE,-,S18a Tab S6,Parameter for allometric relation ship Eq. 49,LPJmL4 default,TRUE,allometry
TrBE,ALLOM2_TrBE,40,20,60,TRUE,-,S18a Tab S6,Parameter for allometric relation ship Eq. 49,LPJmL4 default,TRUE,allometry
TrBR,ALLOM2_TrBR,40,20,60,TRUE,-,S18a Tab S6,Parameter for allometric relation ship Eq. 49,LPJmL4 default,TRUE,allometry
BoBS,ALLOM3_BoBS,0.67,0.335,1.005,TRUE,-,S18a Tab S6,Parameter for allometric relation ship Eq. 49,LPJmL4 default,TRUE,allometry
BoNE,ALLOM3_BoNE,0.67,0.335,1.005,TRUE,-,S18a Tab S6,Parameter for allometric relation ship Eq. 49,LPJmL4 default,TRUE,allometry
BoNS,ALLOM3_BoNS,0.67,0.335,1.005,TRUE,-,S18a Tab S6,Parameter for allometric relation ship Eq. 49,LPJmL4 default,TRUE,allometry
TeBE,ALLOM3_TeBE,0.67,0.335,1.005,TRUE,-,S18a Tab S6,Parameter for allometric relation ship Eq. 49,LPJmL4 default,TRUE,allometry
TeBS,ALLOM3_TeBS,0.67,0.335,1.005,TRUE,-,S18a Tab S6,Parameter for allometric relation ship Eq. 49,LPJmL4 default,TRUE,allometry
TeNE,ALLOM3_TeNE,0.67,0.335,1.005,TRUE,-,S18a Tab S6,Parameter for allometric relation ship Eq. 49,LPJmL4 default,TRUE,allometry
TrBE,ALLOM3_TrBE,0.67,0.335,1.005,TRUE,-,S18a Tab S6,Parameter for allometric relation ship Eq. 49,LPJmL4 default,TRUE,allometry
TrBR,ALLOM3_TrBR,0.67,0.335,1.005,TRUE,-,S18a Tab S6,Parameter for allometric relation ship Eq. 49,LPJmL4 default,TRUE,allometry
BoBS,ALLOM4_BoBS,0.3,0.15,0.45,TRUE,NA,unused,unused,LPJmL4 default,NA,allometry
BoNE,ALLOM4_BoNE,0.3,0.15,0.45,TRUE,NA,unused,unused,LPJmL4 default,NA,allometry
BoNS,ALLOM4_BoNS,0.3,0.15,0.45,TRUE,NA,unused,unused,LPJmL4 default,NA,allometry
TeBE,ALLOM4_TeBE,0.3,0.15,0.45,TRUE,NA,unused,unused,LPJmL4 default,NA,allometry
TeBS,ALLOM4_TeBS,0.3,0.15,0.45,TRUE,NA,unused,unused,LPJmL4 default,NA,allometry
TeNE,ALLOM4_TeNE,0.3,0.15,0.45,TRUE,NA,unused,unused,LPJmL4 default,NA,allometry
TrBE,ALLOM4_TrBE,0.3,0.15,0.45,TRUE,NA,unused,unused,LPJmL4 default,NA,allometry
TrBR,ALLOM4_TrBR,0.3,0.15,0.45,TRUE,NA,unused,unused,LPJmL4 default,NA,allometry
BoBS,ALPHA_FUELP_BoBS,6.67e-05,7e-06,0.000133,TRUE,-,Drueke et al.,scaling factor nesterov fire danger index,LPJmL4 default,NA,fire danger
BoNE,ALPHA_FUELP_BoNE,6.67e-05,7e-06,0.000133,TRUE,-,Drueke et al.,scaling factor nesterov fire danger index,LPJmL4 default,NA,fire danger
BoNS,ALPHA_FUELP_BoNS,6.67e-05,7e-06,0.000133,TRUE,-,Drueke et al.,scaling factor nesterov fire danger index,LPJmL4 default,NA,fire danger
PoH,ALPHA_FUELP_PoH,6.67e-05,7e-06,0.000133,TRUE,-,Drueke et al.,scaling factor nesterov fire danger index,LPJmL4 default,NA,fire danger
TeBE,ALPHA_FUELP_TeBE,3.34e-05,7e-06,0.000133,TRUE,-,Drueke et al.,scaling factor nesterov fire danger index,LPJmL4 default,NA,fire danger
TeBS,ALPHA_FUELP_TeBS,6.67e-05,7e-06,0.000133,TRUE,-,Drueke et al.,scaling factor nesterov fire danger index,LPJmL4 default,NA,fire danger
TeH,ALPHA_FUELP_TeH,6.67e-05,7e-06,0.000133,TRUE,-,Drueke et al.,scaling factor nesterov fire danger index,LPJmL4 default,NA,fire danger
TeNE,ALPHA_FUELP_TeNE,6.67e-05,7e-06,0.000133,TRUE,-,Drueke et al.,scaling factor nesterov fire danger index,LPJmL4 default,NA,fire danger
TrBE,ALPHA_FUELP_TrBE,3.34e-05,7e-06,0.000133,TRUE,-,Drueke et al.,scaling factor nesterov fire danger index,LPJmL4 default,NA,fire danger
TrBR,ALPHA_FUELP_TrBR,3.4e-05,7e-06,0.000133,TRUE,-,Drueke et al.,scaling factor nesterov fire danger index,LPJmL4 default,NA,fire danger
TrH,ALPHA_FUELP_TrH,6.67e-05,7e-06,0.000133,TRUE,-,Drueke et al.,scaling factor nesterov fire danger index,LPJmL4 default,NA,fire danger
global,ALPHA_M,1.485,1.1,1.6,FALSE,-,Sitch et al. 2003,Priestley-Taylor coefficient,LPJmL4 default,TRUE,evapotranspiration
BoBS,ALPHAA_BoBS,0.5,0.45,0.55,TRUE,-,S18a Tab S5,scaling factor from leaf to ecosystem level (Haxeltine and Prentice, 1996),LPJmL5 default,TRUE,productivity
BoNE,ALPHAA_BoNE,0.5,0.45,0.55,TRUE,-,S18a Tab S5,scaling factor from leaf to ecosystem level (Haxeltine and Prentice, 1996),LPJmL5 default,TRUE,productivity
BoNS,ALPHAA_BoNS,0.5,0.45,0.55,TRUE,-,S18a Tab S5,scaling factor from leaf to ecosystem level (Haxeltine and Prentice, 1996),LPJmL5 default,TRUE,productivity
PoH,ALPHAA_PoH,0.5,0.45,0.55,TRUE,-,S18a Tab S5,scaling factor from leaf to ecosystem level (Haxeltine and Prentice, 1996),LPJmL5 default,TRUE,productivity
TeBE,ALPHAA_TeBE,0.5,0.45,0.55,TRUE,-,S18a Tab S5,scaling factor from leaf to ecosystem level (Haxeltine and Prentice, 1996),LPJmL5 default,TRUE,productivity
TeBS,ALPHAA_TeBS,0.5,0.45,0.55,TRUE,-,S18a Tab S5,scaling factor from leaf to ecosystem level (Haxeltine and Prentice, 1996),LPJmL5 default,TRUE,productivity
TeH,ALPHAA_TeH,0.5,0.45,0.55,TRUE,-,S18a Tab S5,scaling factor from leaf to ecosystem level (Haxeltine and Prentice, 1996),LPJmL5 default,TRUE,productivity
TeNE,ALPHAA_TeNE,0.5,0.45,0.55,TRUE,-,S18a Tab S5,scaling factor from leaf to ecosystem level (Haxeltine and Prentice, 1996),LPJmL5 default,TRUE,productivity
TrBE,ALPHAA_TrBE,0.5,0.4,0.8,TRUE,-,S18a Tab S5,scaling factor from leaf to ecosystem level (Haxeltine and Prentice, 1996),LPJmL5 default,TRUE,productivity
TrBR,ALPHAA_TrBR,0.5,0.4,0.8,TRUE,-,S18a Tab S5,scaling factor from leaf to ecosystem level (Haxeltine and Prentice, 1996),LPJmL5 default,TRUE,productivity
TrH,ALPHAA_TrH,0.5,0.4,0.8,TRUE,-,S18a Tab S5,scaling factor from leaf to ecosystem level (Haxeltine and Prentice, 1996),LPJmL5 default,TRUE,productivity
global,ALPHAC3,0.08,0.064,0.096,FALSE,-,S18a Tab S6,Intrinsic quantum efficiency of CO2 uptake in C3 plants,LPJmL4 default,TRUE,productivity
global,ALPHAC4,0.053,0.03,0.055,FALSE,-,S18a Tab S6,Intrinsic quantum efficiency of CO2 uptake in C4 plants,LPJmL4 default,TRUE,productivity
BoBS,APHEN_MAX_BoBS,245,220,270,TRUE,,,,,NA,
BoNS,APHEN_MAX_BoNS,200,170,230,TRUE,,,,,NA,
TeBS,APHEN_MAX_TeBS,245,220,270,TRUE,,,,,NA,
global,ATMFRAC,0.6,0.5,0.7,FALSE,, Zaehle et al. 2005,,LPJmL4 default,TRUE,respiration
BoBS,BC_BoBS,0.015,0.005017587,0.08174399,TRUE,-,LPJmL5.1,leaf respiration as fraction of Vmax,LPJmL5 default,NA,
BoNE,BC_BoNE,0.015,0.00407318,0.02107702,TRUE,-,LPJmL5.1,leaf respiration as fraction of Vmax,LPJmL5 default,NA,
BoNS,BC_BoNS,0.015,0.014,0.05205923,TRUE,-,LPJmL5.1,leaf respiration as fraction of Vmax,LPJmL5 default,NA,
PoH,BC_PoH,0.015,0.008705389,0.1986986,TRUE,-,LPJmL5.1,leaf respiration as fraction of Vmax,LPJmL5 default,NA,
TeBE,BC_TeBE,0.015,0.010727532,0.082396836,TRUE,-,LPJmL5.1,leaf respiration as fraction of Vmax,LPJmL5 default,NA,
TeBS,BC_TeBS,0.015,0.005017587,0.08174399,TRUE,-,LPJmL5.1,leaf respiration as fraction of Vmax,LPJmL5 default,NA,
TeH,BC_TeH,0.015,0.008705389,0.1986986,TRUE,-,LPJmL5.1,leaf respiration as fraction of Vmax,LPJmL5 default,NA,
TeNE,BC_TeNE,0.015,0.00407318,0.02107702,TRUE,-,LPJmL5.1,leaf respiration as fraction of Vmax,LPJmL5 default,NA,
TrBE,BC_TrBE,0.015,0.010727532,0.082396836,TRUE,-,LPJmL5.1,leaf respiration as fraction of Vmax,LPJmL5 default,NA,
TrBR,BC_TrBR,0.015,0.005017587,0.08174399,TRUE,-,LPJmL5.1,leaf respiration as fraction of Vmax,LPJmL5 default,NA,
TrH,BC_TrH,0.035,0.01182787,0.09005177,TRUE,-,LPJmL5.1,leaf respiration as fraction of Vmax,LPJmL5 default,NA,
BoBS,BETA_ROOT_BoBS,0.955,0.9,0.99,TRUE,-,S18a Tab S8,root distribution slope parameter for water availability,LPJmL4 default,NA,water availability
BoNE,BETA_ROOT_BoNE,0.955,0.9,0.99,TRUE,-,S18a Tab S8,root distribution slope parameter for water availability,LPJmL4 default,NA,water availability
BoNS,BETA_ROOT_BoNS,0.955,0.9,0.99,TRUE,-,S18a Tab S8,root distribution slope parameter for water availability,LPJmL4 default,NA,water availability
PoH,BETA_ROOT_PoH,0.943,0.9,0.98,TRUE,-,S18a Tab S8,root distribution slope parameter for water availability,LPJmL4 default,NA,water availability
TeBE,BETA_ROOT_TeBE,0.964,0.9,0.99,TRUE,-,S18a Tab S8,root distribution slope parameter for water availability,LPJmL4 default,NA,water availability
TeBS,BETA_ROOT_TeBS,0.966,0.9,0.99,TRUE,-,S18a Tab S8,root distribution slope parameter for water availability,LPJmL4 default,NA,water availability
TeH,BETA_ROOT_TeH,0.943,0.9,0.98,TRUE,-,S18a Tab S8,root distribution slope parameter for water availability,LPJmL4 default,NA,water availability
TeNE,BETA_ROOT_TeNE,0.976,0.9,0.99,TRUE,-,S18a Tab S8,root distribution slope parameter for water availability,LPJmL4 default,NA,water availability
TrBE,BETA_ROOT_TrBE,0.932,0.9,0.99,TRUE,-,S18a Tab S8,root distribution slope parameter for water availability,LPJmL4 default,NA,water availability
TrBR,BETA_ROOT_TrBR,0.981,0.9,0.99,TRUE,-,S18a Tab S8,root distribution slope parameter for water availability,LPJmL4 default,NA,water availability
TrH,BETA_ROOT_TrH,0.972,0.9,0.98,TRUE,-,S18a Tab S8,root distribution slope parameter for water availability,LPJmL4 default,NA,water availability
global,BIOTURBATE,0.5,0.2,0.8,FALSE,-,-,,,NA,
BoBS,CN_RATIO_LEAF_BoBS,30,13,32,TRUE,,,,,NA,
BoNE,CN_RATIO_LEAF_BoNE,30,28,65,TRUE,,,,,NA,
BoNS,CN_RATIO_LEAF_BoNS,30,18,36,TRUE,,,,,NA,
PoH,CN_RATIO_LEAF_PoH,30,9,38,TRUE,,,,,NA,
TeBE,CN_RATIO_LEAF_TeBE,30,14,42,TRUE,,,,,NA,
TeBS,CN_RATIO_LEAF_TeBS,30,13,32,TRUE,,,,,NA,
TeH,CN_RATIO_LEAF_TeH,30,9,38,TRUE,,,,,NA,
TeNE,CN_RATIO_LEAF_TeNE,30,28,65,TRUE,,,,,NA,
TrBE,CN_RATIO_LEAF_TrBE,30,14,42,TRUE,,,,,NA,
TrBR,CN_RATIO_LEAF_TrBR,30,13,32,TRUE,,,,,NA,
TrH,CN_RATIO_LEAF_TrH,30,13,61,TRUE,,,,,NA,
BoBS,CN_RATIO_ROOT_BoBS,30,25,35,TRUE,,,,,NA,
BoNE,CN_RATIO_ROOT_BoNE,30,25,35,TRUE,,,,,NA,
BoNS,CN_RATIO_ROOT_BoNS,30,25,35,TRUE,,,,,NA,
PoH,CN_RATIO_ROOT_PoH,30,25,35,TRUE,,,,,NA,
TeBE,CN_RATIO_ROOT_TeBE,30,25,35,TRUE,,,,,NA,
TeBS,CN_RATIO_ROOT_TeBS,30,25,35,TRUE,,,,,NA,
TeH,CN_RATIO_ROOT_TeH,30,25,35,TRUE,,,,,NA,
TeNE,CN_RATIO_ROOT_TeNE,30,25,35,TRUE,,,,,NA,
TrBE,CN_RATIO_ROOT_TrBE,30,25,35,TRUE,,,,,NA,
TrBR,CN_RATIO_ROOT_TrBR,30,25,35,TRUE,,,,,NA,
TrH,CN_RATIO_ROOT_TrH,30,25,35,TRUE,,,,,NA,
BoBS,CN_RATIO_SAPWOOD_BoBS,330,250,400,TRUE,,,,,NA,
BoNE,CN_RATIO_SAPWOOD_BoNE,330,250,400,TRUE,,,,,NA,
BoNS,CN_RATIO_SAPWOOD_BoNS,330,250,400,TRUE,,,,,NA,
TeBE,CN_RATIO_SAPWOOD_TeBE,330,250,400,TRUE,,,,,NA,
TeBS,CN_RATIO_SAPWOOD_TeBS,330,250,400,TRUE,,,,,NA,
TeNE,CN_RATIO_SAPWOOD_TeNE,330,250,400,TRUE,,,,,NA,
TrBE,CN_RATIO_SAPWOOD_TrBE,330,250,400,TRUE,,,,,NA,
TrBR,CN_RATIO_SAPWOOD_TrBR,330,250,400,TRUE,,,,,NA,
BoBS,CROWN_MORT_RCK_BoBS,1,0,1,TRUE,-,S18a Tab S9,resistance factor for crown damage,LPJmL4 default,NA,fire mortality
BoNE,CROWN_MORT_RCK_BoNE,1,0,1,TRUE,-,S18a Tab S9,resistance factor for crown damage,LPJmL4 default,NA,fire mortality
BoNS,CROWN_MORT_RCK_BoNS,1,0,1,TRUE,-,S18a Tab S9,resistance factor for crown damage,LPJmL4 default,NA,fire mortality
TeBE,CROWN_MORT_RCK_TeBE,0.95,0,1,TRUE,-,S18a Tab S9,resistance factor for crown damage,LPJmL4 default,NA,fire mortality
TeBS,CROWN_MORT_RCK_TeBS,1,0,1,TRUE,-,S18a Tab S9,resistance factor for crown damage,LPJmL4 default,NA,fire mortality
TeNE,CROWN_MORT_RCK_TeNE,1,0,1,TRUE,-,S18a Tab S9,resistance factor for crown damage,LPJmL4 default,NA,fire mortality
TrBE,CROWN_MORT_RCK_TrBE,1,0.5,1,TRUE,-,S18a Tab S9,resistance factor for crown damage,LPJmL4 default,NA,fire mortality
TrBR,CROWN_MORT_RCK_TrBR,0.05,0,0.5,TRUE,-,S18a Tab S9,resistance factor for crown damage,LPJmL4 default,NA,fire mortality
BoBS,CROWNAREA_MAX_BoBS,20,15,25,TRUE,,,,,NA,
BoNE,CROWNAREA_MAX_BoNE,20,15,25,TRUE,,,,,NA,
BoNS,CROWNAREA_MAX_BoNS,20,10,30,TRUE,m2,(S18a Tab S13),maximum crown area,LPJmL4 default,TRUE,allometry
TeBE,CROWNAREA_MAX_TeBE,15,10,20,TRUE,,,,,NA,
TeBS,CROWNAREA_MAX_TeBS,25,20,30,TRUE,,,,,NA,
TeNE,CROWNAREA_MAX_TeNE,15,10,20,TRUE,,,,,NA,
TrBE,CROWNAREA_MAX_TrBE,25,20,30,TRUE,,,,,NA,
TrBR,CROWNAREA_MAX_TrBR,15,10,20,TRUE,,,,,NA,
global,E0,308.56,273,325,FALSE,K,NA,Activation energy for respiration ,LPJmL4 default,TRUE,respiration
BoBS,EMAX_BoBS,7,5.6,9.8,TRUE,mm day-1,S18a SI p26,Maximum water transport capacity,LPJmL5 default,TRUE,evapotranspiration
BoNE,EMAX_BoNE,5,5,10,TRUE,mm day-1,S18a SI p26,Maximum water transport capacity,LPJmL5 default,TRUE,evapotranspiration
BoNS,EMAX_BoNS,5,5,10,TRUE,mm day-1,S18a SI p26,Maximum water transport capacity,LPJmL5 default,TRUE,evapotranspiration
PoH,EMAX_PoH,7,5.6,9.8,TRUE,mm day-1,S18a SI p26,Maximum water transport capacity,LPJmL5 default,TRUE,evapotranspiration
TeBE,EMAX_TeBE,7,5.6,9.8,TRUE,mm day-1,S18a SI p26,Maximum water transport capacity,LPJmL5 default,TRUE,evapotranspiration
TeBS,EMAX_TeBS,7,5.6,9.8,TRUE,mm day-1,S18a SI p26,Maximum water transport capacity,LPJmL5 default,TRUE,evapotranspiration
TeH,EMAX_TeH,7,5,10,TRUE,mm day-1,S18a SI p26,Maximum water transport capacity,LPJmL5 default,TRUE,evapotranspiration
TeNE,EMAX_TeNE,5,5,10,TRUE,mm day-1,S18a SI p26,Maximum water transport capacity,LPJmL5 default,TRUE,evapotranspiration
TrBE,EMAX_TrBE,10,6,12,TRUE,mm day-1,S18a SI p26,Maximum water transport capacity,LPJmL5 default,TRUE,evapotranspiration
TrBR,EMAX_TrBR,10,6,12,TRUE,mm day-1,S18a SI p26,Maximum water transport capacity,LPJmL5 default,TRUE,evapotranspiration
TrH,EMAX_TrH,10,6,12,TRUE,mm day-1,S18a SI p26,Maximum water transport capacity,LPJmL5 default,TRUE,evapotranspiration
global,FASTFRAC,0.98,0.97,0.99,FALSE,-,-,,,NA,
global,FIRE_INTENS,1e-06,8e-07,1.2e-06,FALSE,,,,,NA,
global,FIREDURA,-11.06,-8.848,-13.272,FALSE,,,,,NA,
BoBS,FLAM_BoBS,0.3,0.2,0.4,TRUE,,,,,NA,
BoNE,FLAM_BoNE,0.3,0.2,0.4,TRUE,,,,,NA,
BoNS,FLAM_BoNS,0.3,0.2,0.4,TRUE,,,,,NA,
PoH,FLAM_PoH,0.3,0.1,0.3,TRUE,,,,,NA,
TeBE,FLAM_TeBE,0.3,0.2,0.4,TRUE,,,,,NA,
TeBS,FLAM_TeBS,0.3,0.2,0.4,TRUE,,,,,NA,
TeH,FLAM_TeH,0.3,0.1,0.3,TRUE,,,,,NA,
TeNE,FLAM_TeNE,0.3,0.2,0.4,TRUE,,,,,NA,
TrBE,FLAM_TrBE,0.3,0.2,0.4,TRUE,,,,,NA,
TrBR,FLAM_TrBR,0.3,0.2,0.4,TRUE,,,,,NA,
TrH,FLAM_TrH,0.3,0.1,0.3,TRUE,,,,,NA,
BoBS,FN_TURNOVER_BoBS,0.3,0.5,0.8,TRUE,-,LPJmL5.1,N recover fraction at turnover,LPJmL5 default,NA,Nitrogen
BoNE,FN_TURNOVER_BoNE,0.8,0.2,0.5,TRUE,-,LPJmL5.1,N recover fraction at turnover,LPJmL5 default,NA,Nitrogen
BoNS,FN_TURNOVER_BoNS,0.3,0.5,0.8,TRUE,-,LPJmL5.1,N recover fraction at turnover,LPJmL5 default,NA,Nitrogen
PoH,FN_TURNOVER_PoH,0.3,0.2,0.5,TRUE,-,LPJmL5.1,N recover fraction at turnover,LPJmL5 default,NA,Nitrogen
TeBE,FN_TURNOVER_TeBE,0.8,0.6,0.8,TRUE,-,LPJmL5.1,N recover fraction at turnover,LPJmL5 default,NA,Nitrogen
TeBS,FN_TURNOVER_TeBS,0.3,0.2,0.4,TRUE,-,LPJmL5.1,N recover fraction at turnover,LPJmL5 default,NA,Nitrogen
TeH,FN_TURNOVER_TeH,0.3,0.2,0.4,TRUE,-,LPJmL5.1,N recover fraction at turnover,LPJmL5 default,NA,Nitrogen
TeNE,FN_TURNOVER_TeNE,0.8,0.6,0.8,TRUE,-,LPJmL5.1,N recover fraction at turnover,LPJmL5 default,NA,Nitrogen
TrBE,FN_TURNOVER_TrBE,0.8,0.2,0.5,TRUE,-,LPJmL5.1,N recover fraction at turnover,LPJmL5 default,NA,Nitrogen
TrBR,FN_TURNOVER_TrBR,0.3,0.5,0.8,TRUE,-,LPJmL5.1,N recover fraction at turnover,LPJmL5 default,NA,Nitrogen
TrH,FN_TURNOVER_TrH,0.3,0.2,0.5,TRUE,-,LPJmL5.1,N recover fraction at turnover,LPJmL5 default,NA,Nitrogen
BoBS,FUELBULKDENSITY_BoBS,22,19.5,24.5,TRUE,-,LPJmL5.1,,LPJmL5 default,NA,fire
BoNE,FUELBULKDENSITY_BoNE,25,22.5,27.5,TRUE,-,LPJmL5.1,,LPJmL5 default,NA,fire
BoNS,FUELBULKDENSITY_BoNS,22,19.5,24.5,TRUE,-,LPJmL5.1,,LPJmL5 default,NA,fire
PoH,FUELBULKDENSITY_PoH,4,3.8,4.2,TRUE,-,LPJmL5.1,,LPJmL5 default,NA,fire
TeBE,FUELBULKDENSITY_TeBE,22,19.5,24.5,TRUE,-,LPJmL5.1,,LPJmL5 default,NA,fire
TeBS,FUELBULKDENSITY_TeBS,22,19.5,24.5,TRUE,-,LPJmL5.1,,LPJmL5 default,NA,fire
TeH,FUELBULKDENSITY_TeH,4,3.8,4.2,TRUE,-,LPJmL5.1,,LPJmL5 default,NA,fire
TeNE,FUELBULKDENSITY_TeNE,25,22.5,27.5,TRUE,-,LPJmL5.1,,LPJmL5 default,NA,fire
TrBE,FUELBULKDENSITY_TrBE,25,22.5,27.5,TRUE,,LPJmL5.1,,LPJmL5 default,NA,fire
TrBR,FUELBULKDENSITY_TrBR,13,11.7,14.3,TRUE,,LPJmL5.1,,LPJmL5 default,NA,fire
TrH,FUELBULKDENSITY_TrH,2,1.8,2.2,TRUE,,LPJmL5.1,,LPJmL5 default,NA,fire
BoBS,GDD5MIN_BoBS,350,300,400,TRUE,??C,S18a Tab S4,Minimum number of growing degree days for establishment,LPJmL4 default,NA,bioclimatic limits
BoNE,GDD5MIN_BoNE,600,500,700,TRUE,??C,S18a Tab S4,Minimum number of growing degree days for establishment,LPJmL4 default,NA,bioclimatic limits
BoNS,GDD5MIN_BoNS,350,300,400,TRUE,??C,S18a Tab S4,Minimum number of growing degree days for establishment,LPJmL4 default,NA,bioclimatic limits
PoH,GDD5MIN_PoH,0.01,0,3,TRUE,??C,S18a Tab S4,Minimum number of growing degree days for establishment,LPJmL4 default,NA,bioclimatic limits
TeBE,GDD5MIN_TeBE,1200,1000,1400,TRUE,??C,S18a Tab S4,Minimum number of growing degree days for establishment,LPJmL4 default,NA,bioclimatic limits
TeBS,GDD5MIN_TeBS,1200,1000,1400,TRUE,??C,S18a Tab S4,Minimum number of growing degree days for establishment,LPJmL4 default,NA,bioclimatic limits
TeNE,GDD5MIN_TeNE,900,700,1100,TRUE,??C,S18a Tab S4,Minimum number of growing degree days for establishment,LPJmL4 default,NA,bioclimatic limits
global,globBC3,0.015,0.012,0.018,FALSE,day-1,S18a Tab S6,leaf respiration as fraction of Vmax for C3 plants,LPJmL4 default,NA,respiration
global,globBC4,0.035,0.028,0.042,FALSE,day-1,S18a Tab S6,leaf respiration as fraction of Vmax for C4 plants,LPJmL4 default,NA,respiration
global,globK_LITTER10,0.3,0.2,0.5,FALSE,1/yr,-,,,NA,
global,GMAX,2.41,2,5,FALSE,-,S18a SI p26,maximum canopy conductance analogue (gm),LPJmL4 default,TRUE,evapotranspiration
BoBS,GMIN_BoBS,0.8,0.64,0.96,TRUE,mm s-1,S18a Tab S8,minimum canopy conductance,LPJmL5 default,TRUE,evapotranspiration
BoNE,GMIN_BoNE,0.8,0.64,0.96,TRUE,mm s-2,S18a Tab S9,minimum canopy conductance,LPJmL5 default,TRUE,evapotranspiration
BoNS,GMIN_BoNS,0.3,0.24,0.36,TRUE,mm s-3,S18a Tab S10,minimum canopy conductance,LPJmL5 default,TRUE,evapotranspiration
PoH,GMIN_PoH,0.8,0.64,0.96,TRUE,mm s-4,S18a Tab S11,minimum canopy conductance,LPJmL5 default,TRUE,evapotranspiration
TeBE,GMIN_TeBE,1.5,1.2,1.8,TRUE,mm s-5,S18a Tab S12,minimum canopy conductance,LPJmL5 default,TRUE,evapotranspiration
TeBS,GMIN_TeBS,1,0.8,1.2,TRUE,mm s-6,S18a Tab S13,minimum canopy conductance,LPJmL5 default,TRUE,evapotranspiration
TeH,GMIN_TeH,0.8,0.64,0.96,TRUE,mm s-7,S18a Tab S14,minimum canopy conductance,LPJmL5 default,TRUE,evapotranspiration
TeNE,GMIN_TeNE,1,0.8,1.2,TRUE,mm s-8,S18a Tab S15,minimum canopy conductance,LPJmL5 default,TRUE,evapotranspiration
TrBE,GMIN_TrBE,1.6,0.5,2.5,TRUE,mm s-9,S18a Tab S16,minimum canopy conductance,LPJmL5 default,TRUE,evapotranspiration
TrBR,GMIN_TrBR,1.8,0.5,3.5,TRUE,mm s-10,S18a Tab S17,minimum canopy conductance,LPJmL5 default,TRUE,evapotranspiration
TrH,GMIN_TrH,1.5,0.5,2,TRUE,mm s-11,S18a Tab S18,minimum canopy conductance,LPJmL5 default,TRUE,evapotranspiration
global,HUM_IGN,-0.5,-0.4,-0.6,FALSE,,,,,NA,
BoBS,INTC_BoBS,0.06,0.01,0.3,TRUE,-,S18a SI p26,interception storage parameter,LPJmL4 default,TRUE,evapotranspiration
BoNE,INTC_BoNE,0.06,0.01,0.3,TRUE,-,S18a SI p26,interception storage parameter,LPJmL4 default,TRUE,evapotranspiration
BoNS,INTC_BoNS,0.06,0.01,0.3,TRUE,-,S18a SI p26,interception storage parameter,LPJmL4 default,TRUE,evapotranspiration
PoH,INTC_PoH,0.01,0.01,0.3,TRUE,-,S18a SI p26,interception storage parameter,LPJmL4 default,TRUE,evapotranspiration
TeBE,INTC_TeBE,0.02,0.01,0.04,TRUE,-,S18a SI p26,interception storage parameter,LPJmL4 default,TRUE,evapotranspiration
TeBS,INTC_TeBS,0.02,0.01,0.04,TRUE,-,S18a SI p26,interception storage parameter,LPJmL4 default,TRUE,evapotranspiration
TeH,INTC_TeH,0.01,0.05,0.03,TRUE,-,S18a SI p26,interception storage parameter,LPJmL4 default,TRUE,evapotranspiration
TeNE,INTC_TeNE,0.02,0.03,0.08,TRUE,-,S18a SI p26,interception storage parameter,LPJmL4 default,TRUE,evapotranspiration
TrBE,INTC_TrBE,0.02,0.01,0.3,TRUE,-,S18a SI p26,interception storage parameter,LPJmL4 default,TRUE,evapotranspiration
TrBR,INTC_TrBR,0.02,0.01,0.3,TRUE,-,S18a SI p26,interception storage parameter,LPJmL4 default,TRUE,evapotranspiration
TrH,INTC_TrH,0.01,0.01,0.3,TRUE,-,S18a SI p26,interception storage parameter,LPJmL4 default,TRUE,evapotranspiration
global,K_2,0.02,0.01,0.03,FALSE,-,-,,,NA,
global,K_BEER,0.5,0.4,0.7,FALSE,-,-,,,NA,
BoBS,K_EST_BoBS,0.12,0.1,0.15,TRUE,saplings m-2,S18a Tab S6,establishment rate,LPJmL4 default,TRUE,establishment
BoNE,K_EST_BoNE,0.12,0.1,0.15,TRUE,saplings m-2,S18a Tab S6,establishment rate,LPJmL4 default,TRUE,establishment
BoNS,K_EST_BoNS,0.12,0.1,0.15,TRUE,saplings m-2,S18a Tab S6,establishment rate,LPJmL4 default,TRUE,establishment
TeBE,K_EST_TeBE,0.12,0.1,0.15,TRUE,saplings m-2,S18a Tab S6,establishment rate,LPJmL4 default,TRUE,establishment
TeBS,K_EST_TeBS,0.12,0.1,0.15,TRUE,saplings m-2,S18a Tab S6,establishment rate,LPJmL4 default,TRUE,establishment
TeNE,K_EST_TeNE,0.12,0.1,0.15,TRUE,saplings m-2,S18a Tab S6,establishment rate,LPJmL4 default,TRUE,establishment
TrBE,K_EST_TrBE,0.12,0.1,0.15,TRUE,saplings m-2,S18a Tab S6,establishment rate,LPJmL4 default,TRUE,establishment
TrBR,K_EST_TrBR,0.12,0.1,0.15,TRUE,saplings m-2,S18a Tab S6,establishment rate,LPJmL4 default,TRUE,establishment
BoBS,K_LATOSA_BoBS,6000,6000,6000,TRUE,-,S18a Tab S6,leaf area to sapwood area,LPJmL4 default,TRUE,allometry
BoNE,K_LATOSA_BoNE,6000,6000,6000,TRUE,-,S18a Tab S6,leaf area to sapwood area,LPJmL4 default,TRUE,allometry
BoNS,K_LATOSA_BoNS,6000,6000,6000,TRUE,-,S18a Tab S6,leaf area to sapwood area,LPJmL4 default,TRUE,allometry
TeBE,K_LATOSA_TeBE,6000,6000,6000,TRUE,-,S18a Tab S6,leaf area to sapwood area,LPJmL4 default,TRUE,allometry
TeBS,K_LATOSA_TeBS,6000,6000,6000,TRUE,-,S18a Tab S6,leaf area to sapwood area,LPJmL4 default,TRUE,allometry
TeNE,K_LATOSA_TeNE,6000,6000,6000,TRUE,-,S18a Tab S6,leaf area to sapwood area,LPJmL4 default,TRUE,allometry
TrBE,K_LATOSA_TrBE,6000,6000,6000,TRUE,-,S18a Tab S6,leaf area to sapwood area,LPJmL4 default,TRUE,allometry
TrBR,K_LATOSA_TrBR,6000,6000,6000,TRUE,-,S18a Tab S6,leaf area to sapwood area,LPJmL4 default,TRUE,allometry
BoBS,K_LITTER10_LEAF_BoBS,0.94,0.47,1.41,TRUE,a-1,S18a Tab S7,leaf litter turnover rate,LPJmL4 default,NA,turnover
BoNE,K_LITTER10_LEAF_BoNE,0.76,0.38,1.14,TRUE,a-1,S18a Tab S7,leaf litter turnover rate,LPJmL4 default,NA,turnover
BoNS,K_LITTER10_LEAF_BoNS,0.76,0.5,0.9,TRUE,,,,,NA,
PoH,K_LITTER10_LEAF_PoH,1.2,0.6,1.8,TRUE,a-1,S18a Tab S7,leaf litter turnover rate,LPJmL4 default,NA,turnover
TeBE,K_LITTER10_LEAF_TeBE,0.86,0.43,1.29,TRUE,a-1,S18a Tab S7,leaf litter turnover rate,LPJmL4 default,NA,turnover
TeBS,K_LITTER10_LEAF_TeBS,0.95,0.475,1.425,TRUE,a-1,S18a Tab S7,leaf litter turnover rate,LPJmL4 default,NA,turnover
TeH,K_LITTER10_LEAF_TeH,1.2,0.6,1.8,TRUE,a-1,S18a Tab S7,leaf litter turnover rate,LPJmL4 default,NA,turnover
TeNE,K_LITTER10_LEAF_TeNE,0.7,0.35,1.05,TRUE,a-1,S18a Tab S7,leaf litter turnover rate,LPJmL4 default,NA,turnover
TrBE,K_LITTER10_LEAF_TrBE,0.93,0.8,1.2,TRUE,a-1,S18a Tab S7,leaf litter turnover rate,LPJmL4 default,NA,turnover
TrBR,K_LITTER10_LEAF_TrBR,1.17,0.8,1.6,TRUE,a-1,S18a Tab S7,leaf litter turnover rate,LPJmL4 default,NA,turnover
TrH,K_LITTER10_LEAF_TrH,0.97,0.5,2,TRUE,a-1,S18a Tab S7,leaf litter turnover rate,LPJmL4 default,NA,turnover
BoBS,K_LITTER10_Q10_WOOD_BoBS,1.37,1.12,1.62,TRUE,,,,,NA,
BoNE,K_LITTER10_Q10_WOOD_BoNE,1.97,1.72,2.22,TRUE,,,,,NA,
BoNS,K_LITTER10_Q10_WOOD_BoNS,1.97,1.72,2.22,TRUE,,,,,NA,
TeBE,K_LITTER10_Q10_WOOD_TeBE,1.37,1.12,1.62,TRUE,,,,,NA,
TeBS,K_LITTER10_Q10_WOOD_TeBS,1.37,1.12,1.62,TRUE,,,,,NA,
TeNE,K_LITTER10_Q10_WOOD_TeNE,1.97,1.72,2.22,TRUE,,,,,NA,
TrBE,K_LITTER10_Q10_WOOD_TrBE,2.75,2.5,3,TRUE,,,,,NA,
TrBR,K_LITTER10_Q10_WOOD_TrBR,2.75,2.5,3,TRUE,,,,,NA,
BoBS,K_LITTER10_WOOD_BoBS,0.104,0.052,0.156,TRUE,a-1,S18a Tab S7,woody litter turnover rate,LPJmL4 default,NA,turnover
BoNE,K_LITTER10_WOOD_BoNE,0.041,0.0205,0.0615,TRUE,a-1,S18a Tab S7,woody litter turnover rate,LPJmL4 default,NA,turnover
BoNS,K_LITTER10_WOOD_BoNS,0.041,0.02,0.1,TRUE,,,,,NA,
PoH,K_LITTER10_WOOD_PoH,1.2,1.2,1.2,TRUE,a-1,S18a Tab S7,woody litter turnover rate,LPJmL4 default,NA,turnover
TeBE,K_LITTER10_WOOD_TeBE,0.104,0.052,0.156,TRUE,a-1,S18a Tab S7,woody litter turnover rate,LPJmL4 default,NA,turnover
TeBS,K_LITTER10_WOOD_TeBS,0.104,0.052,0.156,TRUE,a-1,S18a Tab S7,woody litter turnover rate,LPJmL4 default,NA,turnover
TeH,K_LITTER10_WOOD_TeH,1.2,1.2,1.2,TRUE,a-1,S18a Tab S7,woody litter turnover rate,LPJmL4 default,NA,turnover
TeNE,K_LITTER10_WOOD_TeNE,0.041,0.0205,0.0615,TRUE,a-1,S18a Tab S7,woody litter turnover rate,LPJmL4 default,NA,turnover
TrBE,K_LITTER10_WOOD_TrBE,0.039,0.0195,0.0585,TRUE,a-1,S18a Tab S7,woody litter turnover rate,LPJmL4 default,NA,turnover
TrBR,K_LITTER10_WOOD_TrBR,0.039,0.0195,0.0585,TRUE,a-1,S18a Tab S7,woody litter turnover rate,LPJmL4 default,NA,turnover
TrH,K_LITTER10_WOOD_TrH,0.97,0.97,0.97,TRUE,a-1,S18a Tab S7,woody litter turnover rate,LPJmL4 default,NA,turnover
global,K_MAX,0.1,0.05,0.2,FALSE,-,-,,,NA,
global,K_MORT,0.2,0.2,0.4,FALSE,-,S18a Tab S6,coefficient of growth efficiency for mortality,LPJmL4 default,TRUE,mortality
global,K_ROOT10_FASTSOIL,0.03,0.015,0.045,FALSE,a-1,S18a Tab S6,mean residence time of roots in fast soil carbon pool,LPJmL4 default,NA,decomposition
global,K_ROOT10_LITTER,0.3,0.15,0.45,FALSE,a-1,S18a Tab S6,mean residence time of roots in litter,LPJmL4 default,NA,decomposition
global,K_ROOT10_SLOWSOIL,0.001,5e-04,0.0015,FALSE,a-1,S18a Tab S6,mean residence time of roots in slow soil carbon pool,LPJmL4 default,NA,decomposition
global,K_SOIL10_FAST,0.03,0.02,0.04,FALSE,1/yr,-,,,NA,
global,K_SOIL10_SLOW,0.001,8e-04,0.0015,FALSE,1/yr,-,,,NA,
global,K_TEMP,0.02,0.01,0.03,FALSE,-,-,,,NA,
global,KC_25,30,25,35,FALSE,Pa,-,,,NA,
BoBS,kNMIN_BoBS,0.05,0.04,0.06,TRUE,-,LPJmL5.1,Basal rate of N uptake,LPJmL5 default,NA,Nitrogen
BoBS,KNMIN_BoBS,1.48,1.184,1.776,TRUE,-,LPJmL5.1,Michaelis constant of N uptake,LPJmL5 default,NA,Nitrogen
BoNE,kNMIN_BoNE,0.05,0.04,0.06,TRUE,-,LPJmL5.1,Basal rate of N uptake,LPJmL5 default,NA,Nitrogen
BoNE,KNMIN_BoNE,1.48,1.184,1.776,TRUE,-,LPJmL5.1,Michaelis constant of N uptake,LPJmL5 default,NA,Nitrogen
BoNS,kNMIN_BoNS,0.05,0.04,0.06,TRUE,-,LPJmL5.1,Basal rate of N uptake,LPJmL5 default,NA,Nitrogen
BoNS,KNMIN_BoNS,1.48,1.184,1.776,TRUE,-,LPJmL5.1,Michaelis constant of N uptake,LPJmL5 default,NA,Nitrogen
PoH,kNMIN_PoH,0.05,0.04,0.06,TRUE,-,LPJmL5.1,Basal rate of N uptake,LPJmL5 default,NA,Nitrogen
PoH,KNMIN_PoH,1.19,0.952,1.428,TRUE,-,LPJmL5.1,Michaelis constant of N uptake,LPJmL5 default,NA,Nitrogen
TeBE,kNMIN_TeBE,0.05,0.04,0.06,TRUE,-,LPJmL5.1,Basal rate of N uptake,LPJmL5 default,NA,Nitrogen
TeBE,KNMIN_TeBE,1.48,1.184,1.776,TRUE,-,LPJmL5.1,Michaelis constant of N uptake,LPJmL5 default,NA,Nitrogen
TeBS,kNMIN_TeBS,0.05,0.04,0.06,TRUE,-,LPJmL5.1,Basal rate of N uptake,LPJmL5 default,NA,Nitrogen
TeBS,KNMIN_TeBS,1.48,1.184,1.776,TRUE,-,LPJmL5.1,Michaelis constant of N uptake,LPJmL5 default,NA,Nitrogen
TeH,kNMIN_TeH,0.05,0.04,0.06,TRUE,-,LPJmL5.1,Basal rate of N uptake,LPJmL5 default,NA,Nitrogen
TeH,KNMIN_TeH,1.19,0.952,1.428,TRUE,-,LPJmL5.1,Michaelis constant of N uptake,LPJmL5 default,NA,Nitrogen
TeNE,kNMIN_TeNE,0.05,0.04,0.06,TRUE,-,LPJmL5.1,Basal rate of N uptake,LPJmL5 default,NA,Nitrogen
TeNE,KNMIN_TeNE,1.48,1.184,1.776,TRUE,-,LPJmL5.1,Michaelis constant of N uptake,LPJmL5 default,NA,Nitrogen
TrBE,kNMIN_TrBE,0.05,0.04,0.06,TRUE,-,LPJmL5.1,Basal rate of N uptake,LPJmL5 default,NA,Nitrogen
TrBE,KNMIN_TrBE,1.48,0.616,2.5326,TRUE,-,LPJmL5.1,Michaelis constant of N uptake,LPJmL5 default,NA,Nitrogen
TrBR,kNMIN_TrBR,0.05,0.04,0.06,TRUE,-,LPJmL5.1,Basal rate of N uptake,LPJmL5 default,NA,Nitrogen
TrBR,KNMIN_TrBR,1.48,0.616,2.5326,TRUE,-,LPJmL5.1,Michaelis constant of N uptake,LPJmL5 default,NA,Nitrogen
TrH,kNMIN_TrH,0.05,0.04,0.06,TRUE,-,LPJmL5.1,Basal rate of N uptake,LPJmL5 default,NA,Nitrogen
TrH,KNMIN_TrH,1.19,0.5,2.5326,TRUE,-,LPJmL5.1,Michaelis constant of N uptake,LPJmL5 default,NA,Nitrogen
BoBS,KNSTORE_BoBS,0.1,0.1,0.2,TRUE,-,LPJmL5.1,ndemand buffer,LPJmL5 default,NA,Nitrogen
BoNE,KNSTORE_BoNE,0.1,0.1,0.2,TRUE,-,LPJmL5.1,ndemand buffer,LPJmL5 default,NA,Nitrogen
BoNS,KNSTORE_BoNS,0.1,0.1,0.2,TRUE,-,LPJmL5.1,ndemand buffer,LPJmL5 default,NA,Nitrogen
PoH,KNSTORE_PoH,0.2,0.1,0.4,TRUE,-,LPJmL5.1,ndemand buffer,LPJmL5 default,NA,Nitrogen
TeBE,KNSTORE_TeBE,0.15,0.1,0.2,TRUE,-,LPJmL5.1,ndemand buffer,LPJmL5 default,NA,Nitrogen
TeBS,KNSTORE_TeBS,0.15,0.1,0.2,TRUE,-,LPJmL5.1,ndemand buffer,LPJmL5 default,NA,Nitrogen
TeH,KNSTORE_TeH,0.2,0.1,0.4,TRUE,-,LPJmL5.1,ndemand buffer,LPJmL5 default,NA,Nitrogen
TeNE,KNSTORE_TeNE,0.15,0.1,0.2,TRUE,-,LPJmL5.1,ndemand buffer,LPJmL5 default,NA,Nitrogen
TrBE,KNSTORE_TrBE,0.15,0.1,0.2,TRUE,-,LPJmL5.1,ndemand buffer,LPJmL5 default,NA,Nitrogen
TrBR,KNSTORE_TrBR,0.15,0.1,0.2,TRUE,-,LPJmL5.1,ndemand buffer,LPJmL5 default,NA,Nitrogen
TrH,KNSTORE_TrH,0.2,0.1,0.3,TRUE,-,LPJmL5.1,ndemand buffer,LPJmL5 default,NA,Nitrogen
global,KO_25,30000,25000,35000,FALSE,Pa,-,,,NA,
BoBS,LAI_SAPL_BoBS,1.5,1.2,2,TRUE,,,,,NA,
BoNE,LAI_SAPL_BoNE,1.5,1.2,2,TRUE,,,,,NA,
BoNS,LAI_SAPL_BoNS,1.5,1.2,2,TRUE,,,,,NA,
PoH,LAI_SAPL_PoH,0.1,0.1,0.4,TRUE,,,,,NA,
TeBE,LAI_SAPL_TeBE,1.5,1.2,2,TRUE,,,,,NA,
TeBS,LAI_SAPL_TeBS,1.5,1.2,2,TRUE,,,,,NA,
TeH,LAI_SAPL_TeH,0.1,0.1,0.4,TRUE,,,,,NA,
TeNE,LAI_SAPL_TeNE,1.5,1.2,2,TRUE,,,,,NA,
TrBE,LAI_SAPL_TrBE,1.5,1.2,2,TRUE,,,,,NA,
TrBR,LAI_SAPL_TrBR,1.5,1.2,2,TRUE,,,,,NA,
TrH,LAI_SAPL_TrH,0.1,0.1,0.4,TRUE,,,,,NA,
BoBS,LIGHT_BASE_BoBS,59.78,29.89,89.67,TRUE,W m-2,F14 Tab S5,inflection point of light-limiting function,LPJmL4 default,NA,phenology
BoNE,LIGHT_BASE_BoNE,3.04,1.52,4.56,TRUE,W m-2,F14 Tab S5,inflection point of light-limiting function,LPJmL4 default,NA,phenology
BoNS,LIGHT_BASE_BoNS,59.78,59.78,59.78,TRUE,W m-2,F14 Tab S5,inflection point of light-limiting function,LPJmL4 default,NA,phenology
PoH,LIGHT_BASE_PoH,50,25,75,TRUE,W m-2,F14 Tab S5,inflection point of light-limiting function,LPJmL4 default,NA,phenology
TeBE,LIGHT_BASE_TeBE,39.32,19.66,58.98,TRUE,W m-2,F14 Tab S5,inflection point of light-limiting function,LPJmL4 default,NA,phenology
TeBS,LIGHT_BASE_TeBS,59.78,29.89,89.67,TRUE,W m-2,F14 Tab S5,inflection point of light-limiting function,LPJmL4 default,NA,phenology
TeH,LIGHT_BASE_TeH,75.94,37.97,113.91,TRUE,W m-2,F14 Tab S5,inflection point of light-limiting function,LPJmL4 default,NA,phenology
TeNE,LIGHT_BASE_TeNE,4.872,2.436,7.308,TRUE,W m-2,F14 Tab S5,inflection point of light-limiting function,LPJmL4 default,NA,phenology
TrBE,LIGHT_BASE_TrBE,55.53,27.765,83.295,TRUE,W m-2,F14 Tab S5,inflection point of light-limiting function,LPJmL4 default,NA,phenology
TrBR,LIGHT_BASE_TrBR,13.01,6.505,19.515,TRUE,W m-2,F14 Tab S5,inflection point of light-limiting function,LPJmL4 default,NA,phenology
TrH,LIGHT_BASE_TrH,69.9,34.95,104.85,TRUE,W m-2,F14 Tab S5,inflection point of light-limiting function,LPJmL4 default,NA,phenology
BoBS,LIGHT_SLOPE_BoBS,58,29,87,TRUE,1/(W m2),F14 Tab S5,Slope of light-limiting function,LPJmL4 default,NA,phenology
BoNE,LIGHT_SLOPE_BoNE,14,7,21,TRUE,1/(W m2),F14 Tab S5,Slope of light-limiting function,LPJmL4 default,NA,phenology
BoNS,LIGHT_SLOPE_BoNS,58,58,58,TRUE,1/(W m2),F14 Tab S5,Slope of light-limiting function,LPJmL4 default,NA,phenology
PoH,LIGHT_SLOPE_PoH,23,11.5,34.5,TRUE,1/(W m2),F14 Tab S5,Slope of light-limiting function,LPJmL4 default,NA,phenology
TeBE,LIGHT_SLOPE_TeBE,18.83,9.415,28.245,TRUE,1/(W m2),F14 Tab S5,Slope of light-limiting function,LPJmL4 default,NA,phenology
TeBS,LIGHT_SLOPE_TeBS,58,29,87,TRUE,1/(W m2),F14 Tab S5,Slope of light-limiting function,LPJmL4 default,NA,phenology
TeH,LIGHT_SLOPE_TeH,23,11.5,34.5,TRUE,1/(W m2),F14 Tab S5,Slope of light-limiting function,LPJmL4 default,NA,phenology
TeNE,LIGHT_SLOPE_TeNE,20,10,30,TRUE,1/(W m2),F14 Tab S5,Slope of light-limiting function,LPJmL4 default,NA,phenology
TrBE,LIGHT_SLOPE_TrBE,77.17,38.585,115.755,TRUE,1/(W m2),F14 Tab S5,Slope of light-limiting function,LPJmL4 default,NA,phenology
TrBR,LIGHT_SLOPE_TrBR,23,11.5,34.5,TRUE,1/(W m2),F14 Tab S5,Slope of light-limiting function,LPJmL4 default,NA,phenology
TrH,LIGHT_SLOPE_TrH,64.23,32.115,96.345,TRUE,1/(W m2),F14 Tab S5,Slope of light-limiting function,LPJmL4 default,NA,phenology
BoBS,LIGHT_TAU_BoBS,0.2,0.1,0.3,TRUE,-,F14 Tab S5,Change rate of actual to previous day value,LPJmL4 default,NA,phenology
BoNE,LIGHT_TAU_BoNE,0.2,0.1,0.3,TRUE,-,F14 Tab S5,Change rate of actual to previous day value,LPJmL4 default,NA,phenology
BoNS,LIGHT_TAU_BoNS,0.2,0.1,0.3,TRUE,-,F14 Tab S5,Change rate of actual to previous day value,LPJmL4 default,NA,phenology
PoH,LIGHT_TAU_PoH,0.38,0.19,0.57,TRUE,-,F14 Tab S5,Change rate of actual to previous day value,LPJmL4 default,NA,phenology
TeBE,LIGHT_TAU_TeBE,0.2,0.1,0.3,TRUE,-,F14 Tab S5,Change rate of actual to previous day value,LPJmL4 default,NA,phenology
TeBS,LIGHT_TAU_TeBS,0.2,0.1,0.3,TRUE,-,F14 Tab S5,Change rate of actual to previous day value,LPJmL4 default,NA,phenology
TeH,LIGHT_TAU_TeH,0.22,0.11,0.33,TRUE,-,F14 Tab S5,Change rate of actual to previous day value,LPJmL4 default,NA,phenology
TeNE,LIGHT_TAU_TeNE,0.2,0.1,0.3,TRUE,-,F14 Tab S5,Change rate of actual to previous day value,LPJmL4 default,NA,phenology
TrBE,LIGHT_TAU_TrBE,0.52,0.26,0.78,TRUE,-,F14 Tab S5,Change rate of actual to previous day value,LPJmL4 default,NA,phenology
TrBR,LIGHT_TAU_TrBR,0.1,0.1,0.3,TRUE,-,F14 Tab S5,Change rate of actual to previous day value,LPJmL4 default,NA,phenology
TrH,LIGHT_TAU_TrH,0.4,0.2,0.6,TRUE,-,F14 Tab S5,Change rate of actual to previous day value,LPJmL4 default,NA,phenology
BoBS,LIGHTEXTCOEFF_BoBS,0.5,0.4,0.6,TRUE,-,S18a Tab S5,light extinction coefficient in Lambert-Beer relationship,LPJmL4 default,TRUE,albedo/FAPAR
BoNE,LIGHTEXTCOEFF_BoNE,0.4,0.4,0.7,TRUE,-,S18a Tab S5,light extinction coefficient in Lambert-Beer relationship,LPJmL4 default,TRUE,albedo/FAPAR
BoNS,LIGHTEXTCOEFF_BoNS,0.6,0.48,0.72,TRUE,-,S18a Tab S5,light extinction coefficient in Lambert-Beer relationship,LPJmL4 default,TRUE,albedo/FAPAR
PoH,LIGHTEXTCOEFF_PoH,0.5,0.4,0.6,TRUE,-,S18a Tab S5,light extinction coefficient in Lambert-Beer relationship,LPJmL4 default,TRUE,albedo/FAPAR
TeBE,LIGHTEXTCOEFF_TeBE,0.5,0.4,0.6,TRUE,-,S18a Tab S5,light extinction coefficient in Lambert-Beer relationship,LPJmL4 default,TRUE,albedo/FAPAR
TeBS,LIGHTEXTCOEFF_TeBS,0.6,0.48,0.72,TRUE,-,S18a Tab S5,light extinction coefficient in Lambert-Beer relationship,LPJmL4 default,TRUE,albedo/FAPAR
TeH,LIGHTEXTCOEFF_TeH,0.5,0.4,0.6,TRUE,-,S18a Tab S5,light extinction coefficient in Lambert-Beer relationship,LPJmL4 default,TRUE,albedo/FAPAR
TeNE,LIGHTEXTCOEFF_TeNE,0.4,0.32,0.48,TRUE,-,S18a Tab S5,light extinction coefficient in Lambert-Beer relationship,LPJmL4 default,TRUE,albedo/FAPAR
TrBE,LIGHTEXTCOEFF_TrBE,0.5,0.4,0.6,TRUE,-,S18a Tab S5,light extinction coefficient in Lambert-Beer relationship,LPJmL4 default,TRUE,albedo/FAPAR
TrBR,LIGHTEXTCOEFF_TrBR,0.5,0.4,0.6,TRUE,-,S18a Tab S5,light extinction coefficient in Lambert-Beer relationship,LPJmL4 default,TRUE,albedo/FAPAR
TrH,LIGHTEXTCOEFF_TrH,0.4,0.32,0.48,TRUE,-,S18a Tab S5,light extinction coefficient in Lambert-Beer relationship,LPJmL4 default,TRUE,albedo/FAPAR
BoBS,LMRO_RATIO_BoBS,1,0.9,1.433474368,TRUE,,,,,NA,
BoNE,LMRO_RATIO_BoNE,1,0.9,1.5,TRUE,,,,,NA,
BoNS,LMRO_RATIO_BoNS,1,0.9,1.5,TRUE,,,,,NA,
PoH,LMRO_RATIO_PoH,0.6,0.5,1.526325493,TRUE,,,,,NA,
TeBE,LMRO_RATIO_TeBE,1,1.03375068132835,1.42095042473735,TRUE,,,,,NA,
TeBS,LMRO_RATIO_TeBS,1,1.20978048570034,1.43347436752847,TRUE,,,,,NA,
TeH,LMRO_RATIO_TeH,0.8,0.84205326720026,1.52632549284057,TRUE,,,,,NA,
TeNE,LMRO_RATIO_TeNE,1,1,1.5,TRUE,,,,,NA,
TrBE,LMRO_RATIO_TrBE,1,0.9,1.420950425,TRUE,,,,,NA,
TrBR,LMRO_RATIO_TrBR,1,0.9,1.433474368,TRUE,,,,,NA,
TrH,LMRO_RATIO_TrH,0.6,0.5,1.526325493,TRUE,,,,,NA,
BoBS,LONGEVITY_BoBS,0.5,0.4,0.6,TRUE,a,S18a Tab S8,leaf longevity,LPJmL4 default,TRUE,turnover
BoNE,LONGEVITY_BoNE,4,3.2,4.8,TRUE,a,S18a Tab S8,leaf longevity,LPJmL4 default,TRUE,turnover
BoNS,LONGEVITY_BoNS,0.65,0.52,0.78,TRUE,a,S18a Tab S8,leaf longevity,LPJmL4 default,TRUE,turnover
PoH,LONGEVITY_PoH,0.35,0.28,0.42,TRUE,a,S18a Tab S8,leaf longevity,LPJmL4 default,TRUE,turnover
TeBE,LONGEVITY_TeBE,1.6,1.28,1.92,TRUE,a,S18a Tab S8,leaf longevity,LPJmL4 default,TRUE,turnover
TeBS,LONGEVITY_TeBS,0.45,0.36,0.54,TRUE,a,S18a Tab S8,leaf longevity,LPJmL4 default,TRUE,turnover
TeH,LONGEVITY_TeH,0.35,0.28,0.42,TRUE,a,S18a Tab S8,leaf longevity,LPJmL4 default,TRUE,turnover
TeNE,LONGEVITY_TeNE,4,3.2,4.8,TRUE,a,S18a Tab S8,leaf longevity,LPJmL4 default,TRUE,turnover
TrBE,LONGEVITY_TrBE,1.6,1.28,1.92,TRUE,a,S18a Tab S8,leaf longevity,LPJmL4 default,TRUE,turnover
TrBR,LONGEVITY_TrBR,0.5,0.4,0.6,TRUE,a,S18a Tab S8,leaf longevity,LPJmL4 default,TRUE,turnover
TrH,LONGEVITY_TrH,0.4,0.32,0.48,TRUE,a,S18a Tab S8,leaf longevity,LPJmL4 default,TRUE,turnover
global,MAXSNOWPACK,20000,10000,30000,FALSE,mm,-,,,NA,
global,MIN_C_BNF,20,10,50,FALSE,gCm-2,-,,,NA,
BoBS,MIN_TEMPRANGE_BoBS,-1000,-1000,-1000,TRUE,K,NA,Minimum temperature amplitude for survival,LPJmL4 default,NA,bioclimatic limits
BoNE,MIN_TEMPRANGE_BoNE,-1000,-1000,-1000,TRUE,K,NA,Minimum temperature amplitude for survival,LPJmL4 default,NA,bioclimatic limits
BoNS,MIN_TEMPRANGE_BoNS,30,25,35,TRUE,K,NA,Minimum temperature amplitude for survival,LPJmL4 default,NA,bioclimatic limits
PoH,MIN_TEMPRANGE_PoH,18,13,23,TRUE,K,NA,Minimum temperature amplitude for survival,LPJmL4 default,NA,bioclimatic limits
TeBE,MIN_TEMPRANGE_TeBE,-1000,-1000,-1000,TRUE,K,NA,Minimum temperature amplitude for survival,LPJmL4 default,NA,bioclimatic limits
TeBS,MIN_TEMPRANGE_TeBS,-1000,-1000,-1000,TRUE,K,NA,Minimum temperature amplitude for survival,LPJmL4 default,NA,bioclimatic limits
TeH,MIN_TEMPRANGE_TeH,-1000,-1000,-1000,TRUE,K,NA,Minimum temperature amplitude for survival,LPJmL4 default,NA,bioclimatic limits
TeNE,MIN_TEMPRANGE_TeNE,-1000,-1000,-1000,TRUE,K,NA,Minimum temperature amplitude for survival,LPJmL4 default,NA,bioclimatic limits
TrBE,MIN_TEMPRANGE_TrBE,-1000,-1000,-1000,TRUE,K,NA,Minimum temperature amplitude for survival,LPJmL4 default,NA,bioclimatic limits
TrBR,MIN_TEMPRANGE_TrBR,-1000,-1000,-1000,TRUE,K,NA,Minimum temperature amplitude for survival,LPJmL4 default,NA,bioclimatic limits
TrH,MIN_TEMPRANGE_TrH,-1000,-1000,-1000,TRUE,K,NA,Minimum temperature amplitude for survival,LPJmL4 default,NA,bioclimatic limits
PoH,MINWSCAL_PoH,0.2,0.1,0.3,TRUE,,,,,NA,
TeH,MINWSCAL_TeH,0.2,0.1,0.3,TRUE,,,,,NA,
TrBR,MINWSCAL_TrBR,0.35,0.2,0.45,TRUE,,,,,NA,
TrH,MINWSCAL_TrH,0.2,0.1,0.3,TRUE,,,,,NA,
BoBS,MORT_MAX_BoBS,0.03,0.01,0.031,TRUE,a-1,S18a Tab S6,asymptotic maximum mortality rate,LPJmL4 default,TRUE,mortality
BoNE,MORT_MAX_BoNE,0.03,0.01,0.031,TRUE,a-1,S18a Tab S6,asymptotic maximum mortality rate,LPJmL4 default,TRUE,mortality
BoNS,MORT_MAX_BoNS,0.03,0.01,0.031,TRUE,a-1,S18a Tab S6,asymptotic maximum mortality rate,LPJmL4 default,TRUE,mortality
TeBE,MORT_MAX_TeBE,0.03,0.01,0.031,TRUE,a-1,S18a Tab S6,asymptotic maximum mortality rate,LPJmL4 default,TRUE,mortality
TeBS,MORT_MAX_TeBS,0.03,0.01,0.031,TRUE,a-1,S18a Tab S6,asymptotic maximum mortality rate,LPJmL4 default,TRUE,mortality
TeNE,MORT_MAX_TeNE,0.03,0.01,0.031,TRUE,a-1,S18a Tab S6,asymptotic maximum mortality rate,LPJmL4 default,TRUE,mortality
TrBE,MORT_MAX_TrBE,0.03,0.01,0.031,TRUE,a-1,S18a Tab S6,asymptotic maximum mortality rate,LPJmL4 default,TRUE,mortality
TrBR,MORT_MAX_TrBR,0.03,0.01,0.031,TRUE,a-1,S18a Tab S6,asymptotic maximum mortality rate,LPJmL4 default,TRUE,mortality
global,N0_REGCOEFF,7.15,7.15,7.15,FALSE,-,-,,,NA,
global,P_REGCOEFF,25,20,30,FALSE,-,-,,,NA,
global,PAR_SINK_LIMIT,0.2,0.1,0.5,FALSE,-,-,,,NA,
global,Q_ASH,0.45,0.2,0.7,FALSE,-,-,,,NA,
global,R_GROWTH,0.25,0.15,0.4,FALSE,-,-,,,NA,
BoBS,RAMP_BoBS,200,100,300,TRUE,,,,,NA,
BoNS,RAMP_BoNS,200,100,300,TRUE,,,,,NA,
PoH,RAMP_PoH,100,50,150,TRUE,,,,,NA,
TeBS,RAMP_TeBS,300,200,500,TRUE,,,,,NA,
TeH,RAMP_TeH,100,50,150,TRUE,,,,,NA,
TrH,RAMP_TrH,100,50,150,TRUE,,,,,NA,
PoH,RATIO_PoH,1.16,1,2,TRUE,,,,,NA,
BoBS,RATIO_ROOT_BoBS,1.16,0.5,1.5,TRUE,,,,,NA,
BoNE,RATIO_ROOT_BoNE,1.16,0.5,1.5,TRUE,,,,,NA,
BoNS,RATIO_ROOT_BoNS,1.16,0.5,1.5,TRUE,,,,,NA,
TeBE,RATIO_ROOT_TeBE,1.16,0.5,1.5,TRUE,,,,,NA,
TeBS,RATIO_ROOT_TeBS,1.16,0.5,1.5,TRUE,,,,,NA,
TeNE,RATIO_ROOT_TeNE,1.16,0.5,1.5,TRUE,,,,,NA,
TrBE,RATIO_ROOT_TrBE,1.16,0.5,1.5,TRUE,,,,,NA,
TrBR,RATIO_ROOT_TrBR,1.16,0.5,1.5,TRUE,,,,,NA,
BoBS,RATIO_SAPWOOD_BoBS,13.5,10,15,TRUE,,,,,NA,
BoNE,RATIO_SAPWOOD_BoNE,13.5,10,15,TRUE,,,,,NA,
BoNS,RATIO_SAPWOOD_BoNS,13.5,10,15,TRUE,,,,,NA,
TeBE,RATIO_SAPWOOD_TeBE,13.5,10,15,TRUE,,,,,NA,
TeBS,RATIO_SAPWOOD_TeBS,13.5,10,15,TRUE,,,,,NA,
TeNE,RATIO_SAPWOOD_TeNE,13.5,10,15,TRUE,,,,,NA,
TrBE,RATIO_SAPWOOD_TrBE,13.5,10,15,TRUE,,,,,NA,
TrBR,RATIO_SAPWOOD_TrBR,13.5,10,15,TRUE,,,,,NA,
TeH,RATIO_TeH,1.16,1,2,TRUE,,,,,NA,
TrH,RATIO_TrH,1.16,1,2,TRUE,,,,,NA,
BoBS,REPROD_COST_BoBS,0.1,0.05,0.2,TRUE,NA,pft.js,NA,LPJmL4 default,NA,NA
BoNE,REPROD_COST_BoNE,0.1,0.05,0.2,TRUE,NA,pft.js,NA,LPJmL4 default,NA,NA
BoNS,REPROD_COST_BoNS,0.1,0.05,0.2,TRUE,NA,pft.js,NA,LPJmL4 default,NA,NA
PoH,REPROD_COST_PoH,0.1,0.05,0.2,TRUE,NA,pft.js,NA,LPJmL4 default,NA,NA
TeBE,REPROD_COST_TeBE,0.1,0.05,0.2,TRUE,NA,pft.js,NA,LPJmL4 default,NA,NA
TeBS,REPROD_COST_TeBS,0.1,0.05,0.13,TRUE,NA,pft.js,NA,LPJmL4 default,NA,NA
TeH,REPROD_COST_TeH,0.1,0.05,0.2,TRUE,NA,pft.js,NA,LPJmL4 default,NA,NA
TeNE,REPROD_COST_TeNE,0.1,0.05,0.2,TRUE,NA,pft.js,NA,LPJmL4 default,NA,NA
TrBE,REPROD_COST_TrBE,0.1,0.05,0.2,TRUE,NA,pft.js,NA,LPJmL4 default,NA,NA
TrBR,REPROD_COST_TrBR,0.1,0.05,0.2,TRUE,NA,pft.js,NA,LPJmL4 default,NA,NA
TrH,REPROD_COST_TrH,0.1,0.05,0.2,TRUE,NA,pft.js,NA,LPJmL4 default,NA,NA
BoBS,RESPCOEFF_BoBS,1.2,0.6,1.8,TRUE,NA,pft.js,NA,LPJmL4 default,NA,NA
BoNE,RESPCOEFF_BoNE,1.2,0.6,1.8,TRUE,NA,pft.js,NA,LPJmL4 default,NA,NA
BoNS,RESPCOEFF_BoNS,1.2,0.6,1.8,TRUE,NA,pft.js,NA,LPJmL4 default,NA,NA
PoH,RESPCOEFF_PoH,1.2,0.6,1.8,TRUE,NA,pft.js,NA,LPJmL4 default,NA,NA
TeBE,RESPCOEFF_TeBE,1.2,0.6,1.8,TRUE,NA,pft.js,NA,LPJmL4 default,NA,NA
TeBS,RESPCOEFF_TeBS,1.2,0.6,1.8,TRUE,NA,pft.js,NA,LPJmL4 default,NA,NA
TeH,RESPCOEFF_TeH,1.2,0.6,1.8,TRUE,NA,pft.js,NA,LPJmL4 default,NA,NA
TeNE,RESPCOEFF_TeNE,1.2,0.6,1.8,TRUE,NA,pft.js,NA,LPJmL4 default,NA,NA
TrBE,RESPCOEFF_TrBE,0.2,0.1,0.3,TRUE,NA,pft.js,NA,LPJmL4 default,NA,NA
TrBR,RESPCOEFF_TrBR,0.2,0.1,0.3,TRUE,NA,pft.js,NA,LPJmL4 default,NA,NA
TrH,RESPCOEFF_TrH,0.2,0.1,0.3,TRUE,NA,pft.js,NA,LPJmL4 default,NA,NA
global,SAPWOOD_RECOVERY,0.3,0.2,0.5,FALSE,-,-,,,NA,
BoBS,SCORCHHEIGHT_F_BoBS,0.094,0.047,0.1128,TRUE,NA,S18a Tab S9,scorch height,LPJmL4 default,NA,fire mortality
BoNE,SCORCHHEIGHT_F_BoNE,0.11,0.088,0.132,TRUE,NA,S18a Tab S9,scorch height,LPJmL4 default,NA,fire mortality
BoNS,SCORCHHEIGHT_F_BoNS,0.094,0.0752,0.1128,TRUE,NA,S18a Tab S9,scorch height,LPJmL4 default,NA,fire mortality
TeBE,SCORCHHEIGHT_F_TeBE,0.371,0.2968,0.4452,TRUE,NA,S18a Tab S9,scorch height,LPJmL4 default,NA,fire mortality
TeBS,SCORCHHEIGHT_F_TeBS,0.094,0.0752,0.1128,TRUE,NA,S18a Tab S9,scorch height,LPJmL4 default,NA,fire mortality
TeNE,SCORCHHEIGHT_F_TeNE,0.1,0.08,0.12,TRUE,NA,S18a Tab S9,scorch height,LPJmL4 default,NA,fire mortality
TrBE,SCORCHHEIGHT_F_TrBE,0.1487,0.11896,0.17844,TRUE,NA,S18a Tab S9,scorch height,LPJmL4 default,NA,fire mortality
TrBR,SCORCHHEIGHT_F_TrBR,0.061,0.0488,0.0732,TRUE,NA,S18a Tab S9,scorch height,LPJmL4 default,NA,fire mortality
BoBS,SIF_A_BoBS,0.311,0.2488,0.3732,TRUE,-,Linear regression against FLUXCOM GPP,slope in GPP-SIF relationship,LPJmL4 default,NA,productivity
BoNE,SIF_A_BoNE,0.19,0.152,0.228,TRUE,-,Linear regression against FLUXCOM GPP,slope in GPP-SIF relationship,LPJmL4 default,NA,productivity
BoNS,SIF_A_BoNS,0.233,0.1864,0.2796,TRUE,-,Linear regression against FLUXCOM GPP,slope in GPP-SIF relationship,LPJmL4 default,NA,productivity
PoH,SIF_A_PoH,0.469,0.3752,0.5628,TRUE,-,Linear regression against FLUXCOM GPP,slope in GPP-SIF relationship,LPJmL4 default,NA,productivity
TeBE,SIF_A_TeBE,0.216,0.1728,0.2592,TRUE,-,Linear regression against FLUXCOM GPP,slope in GPP-SIF relationship,LPJmL4 default,NA,productivity
TeBS,SIF_A_TeBS,0.278,0.2224,0.3336,TRUE,-,Linear regression against FLUXCOM GPP,slope in GPP-SIF relationship,LPJmL4 default,NA,productivity
TeH,SIF_A_TeH,0.421,0.3368,0.5052,TRUE,-,Linear regression against FLUXCOM GPP,slope in GPP-SIF relationship,LPJmL4 default,NA,productivity
TeNE,SIF_A_TeNE,0.22,0.176,0.264,TRUE,-,Linear regression against FLUXCOM GPP,slope in GPP-SIF relationship,LPJmL4 default,NA,productivity
TrBE,SIF_A_TrBE,0.1,0.08,0.12,TRUE,-,Linear regression against FLUXCOM GPP,slope in GPP-SIF relationship,LPJmL4 default,NA,productivity
TrBR,SIF_A_TrBR,0.258,0.2064,0.3096,TRUE,-,Linear regression against FLUXCOM GPP,slope in GPP-SIF relationship,LPJmL4 default,NA,productivity
TrH,SIF_A_TrH,0.375,0.3,0.45,TRUE,-,Linear regression against FLUXCOM GPP,slope in GPP-SIF relationship,LPJmL4 default,NA,productivity
BoBS,SIF_B_BoBS,0.092,0.0736,0.1104,TRUE,-,Linear regression against FLUXCOM GPP,Intercept in GPP-SIF relationship,LPJmL4 default,NA,productivity
BoNE,SIF_B_BoNE,0.128,0.1024,0.1536,TRUE,-,Linear regression against FLUXCOM GPP,Intercept in GPP-SIF relationship,LPJmL4 default,NA,productivity
BoNS,SIF_B_BoNS,-0.019,-0.0152,-0.0228,TRUE,-,Linear regression against FLUXCOM GPP,Intercept in GPP-SIF relationship,LPJmL4 default,NA,productivity
PoH,SIF_B_PoH,-0.043,-0.0344,-0.0516,TRUE,-,Linear regression against FLUXCOM GPP,Intercept in GPP-SIF relationship,LPJmL4 default,NA,productivity
TeBE,SIF_B_TeBE,0.445,0.356,0.534,TRUE,-,Linear regression against FLUXCOM GPP,Intercept in GPP-SIF relationship,LPJmL4 default,NA,productivity
TeBS,SIF_B_TeBS,0.404,0.3232,0.4848,TRUE,-,Linear regression against FLUXCOM GPP,Intercept in GPP-SIF relationship,LPJmL4 default,NA,productivity
TeH,SIF_B_TeH,0.106,0.0848,0.1272,TRUE,-,Linear regression against FLUXCOM GPP,Intercept in GPP-SIF relationship,LPJmL4 default,NA,productivity
TeNE,SIF_B_TeNE,0.261,0.2088,0.3132,TRUE,-,Linear regression against FLUXCOM GPP,Intercept in GPP-SIF relationship,LPJmL4 default,NA,productivity
TrBE,SIF_B_TrBE,1.349,1.0792,1.6188,TRUE,-,Linear regression against FLUXCOM GPP,Intercept in GPP-SIF relationship,LPJmL4 default,NA,productivity
TrBR,SIF_B_TrBR,0.448,0.3584,0.5376,TRUE,-,Linear regression against FLUXCOM GPP,Intercept in GPP-SIF relationship,LPJmL4 default,NA,productivity
TrH,SIF_B_TrH,0.197,0.1576,0.2364,TRUE,-,Linear regression against FLUXCOM GPP,Intercept in GPP-SIF relationship,LPJmL4 default,NA,productivity
BoBS,SLA_BoBS,0.03233,0.011147999,0.058877638,TRUE,,,,,NA,
BoNE,SLA_BoNE,0.01049,0.005174282,0.016157147,TRUE,,,,,NA,
BoNS,SLA_BoNS,0.02118,0.012983232,0.043599525,TRUE,,,,,NA,
PoH,SLA_PoH,0.042242,0.021371307,0.105186583,TRUE,,,,,NA,
TeBE,SLA_TeBE,0.01986,0.011441872,0.041409662,TRUE,,,,,NA,
TeBS,SLA_TeBS,0.03233,0.011147999,0.058877638,TRUE,,,,,NA,
TeH,SLA_TeH,0.042242,0.021371307,0.105186583,TRUE,,,,,NA,
TeNE,SLA_TeNE,0.01049,0.005174282,0.016157147,TRUE,,,,,NA,
TrBE,SLA_TrBE,0.01986,0.0114418720834876,0.0414096615682689,TRUE,,,,,NA,
TrBR,SLA_TrBR,0.03233,0.0111479988699202,0.0588776375521479,TRUE,,,,,NA,
TrH,SLA_TrH,0.040373,0.0251740745264755,0.0811969724957285,TRUE,,,,,NA,
BoBS,SNOWCANOPYFRAC_BoBS,0.15,0.12,0.18,TRUE,-,F14 Tab S4,Maximum fraction of snow in the green canopy,LPJmL4 default,NA,albedo/FAPAR
BoNE,SNOWCANOPYFRAC_BoNE,0.15,0.1,0.2,TRUE,-,F14 Tab S4,Maximum fraction of snow in the green canopy,LPJmL4 default,NA,albedo/FAPAR
BoNS,SNOWCANOPYFRAC_BoNS,0.15,0.12,0.18,TRUE,-,F14 Tab S4,Maximum fraction of snow in the green canopy,LPJmL4 default,NA,albedo/FAPAR
PoH,SNOWCANOPYFRAC_PoH,0.4,0.32,0.48,TRUE,-,F14 Tab S4,Maximum fraction of snow in the green canopy,LPJmL4 default,NA,albedo/FAPAR
TeBE,SNOWCANOPYFRAC_TeBE,0.4,0.32,0.48,TRUE,-,F14 Tab S4,Maximum fraction of snow in the green canopy,LPJmL4 default,NA,albedo/FAPAR
TeBS,SNOWCANOPYFRAC_TeBS,0.4,0.32,0.48,TRUE,-,F14 Tab S4,Maximum fraction of snow in the green canopy,LPJmL4 default,NA,albedo/FAPAR
TeH,SNOWCANOPYFRAC_TeH,0.4,0.32,0.48,TRUE,-,F14 Tab S4,Maximum fraction of snow in the green canopy,LPJmL4 default,NA,albedo/FAPAR
TeNE,SNOWCANOPYFRAC_TeNE,0.1,0.08,0.12,TRUE,-,F14 Tab S4,Maximum fraction of snow in the green canopy,LPJmL4 default,NA,albedo/FAPAR
TrBE,SNOWCANOPYFRAC_TrBE,0.4,0.32,0.48,TRUE,-,F14 Tab S4,Maximum fraction of snow in the green canopy,LPJmL4 default,NA,albedo/FAPAR
TrBR,SNOWCANOPYFRAC_TrBR,0.5,0.4,0.6,TRUE,-,F14 Tab S4,Maximum fraction of snow in the green canopy,LPJmL4 default,NA,albedo/FAPAR
TrH,SNOWCANOPYFRAC_TrH,0.4,0.32,0.48,TRUE,-,F14 Tab S4,Maximum fraction of snow in the green canopy,LPJmL4 default,NA,albedo/FAPAR
BoBS,SOC_K_BoBS,0.2867,0.2,0.35,TRUE,,,,,NA,
BoNE,SOC_K_BoNE,0.2867,0.2,0.35,TRUE,,,,,NA,
BoNS,SOC_K_BoNS,0.2867,0.2,0.35,TRUE,,,,,NA,
PoH,SOC_K_PoH,0.38184,0.3,0.45,TRUE,,,,,NA,
TeBE,SOC_K_TeBE,0.4374,0.35,0.5,TRUE,,,,,NA,
TeBS,SOC_K_TeBS,0.2888,0.2,0.35,TRUE,,,,,NA,
TeH,SOC_K_TeH,0.38184,0.3,0.45,TRUE,,,,,NA,
TeNE,SOC_K_TeNE,0.32198,0.25,0.4,TRUE,,,,,NA,
TrBE,SOC_K_TrBE,0.38009,0.3,0.45,TRUE,,,,,NA,
TrBR,SOC_K_TrBR,0.51395,0.45,0.6,TRUE,,,,,NA,
TrH,SOC_K_TrH,0.46513,0.4,0.55,TRUE,,,,,NA,
global,SOILDEPTH_EVAP,300,100,400,FALSE,mm,-,,,NA,
global,T_O,-25,-20,-2,FALSE,-,LPJmL5.3,Temperature update function O and not 0 for mdi important,LPJmL5 default,NA,Nitrogen
global,T_R,15,12,18,FALSE,-,LPJmL5.4,Temperature update function,LPJmL5 default,NA,Nitrogen
BoBS,TEMP_CO2_HIGH_BoBS,38,30.4,45.6,TRUE,??C,(S18a Tab S13),upper temperature limit for CO2,LPJmL4 default,NA,productivity
BoNE,TEMP_CO2_HIGH_BoNE,38,30.4,45.6,TRUE,??C,(S18a Tab S13),upper temperature limit for CO2,LPJmL4 default,NA,productivity
BoNS,TEMP_CO2_HIGH_BoNS,38,30.4,45.6,TRUE,??C,(S18a Tab S13),upper temperature limit for CO2,LPJmL4 default,NA,productivity
PoH,TEMP_CO2_HIGH_PoH,45,36,54,TRUE,??C,(S18a Tab S13),upper temperature limit for CO2,LPJmL4 default,NA,productivity
TeBE,TEMP_CO2_HIGH_TeBE,42,38,45,TRUE,??C,(S18a Tab S13),upper temperature limit for CO2,LPJmL4 default,NA,productivity
TeBS,TEMP_CO2_HIGH_TeBS,38,35,42,TRUE,??C,(S18a Tab S13),upper temperature limit for CO2,LPJmL4 default,NA,productivity
TeH,TEMP_CO2_HIGH_TeH,45,40,50,TRUE,??C,(S18a Tab S13),upper temperature limit for CO2,LPJmL4 default,NA,productivity
TeNE,TEMP_CO2_HIGH_TeNE,42,38,45,TRUE,??C,(S18a Tab S13),upper temperature limit for CO2,LPJmL4 default,NA,productivity
TrBE,TEMP_CO2_HIGH_TrBE,55,50,60,TRUE,??C,(S18a Tab S13),upper temperature limit for CO2,LPJmL4 default,NA,productivity
TrBR,TEMP_CO2_HIGH_TrBR,55,50,60,TRUE,??C,(S18a Tab S13),upper temperature limit for CO2,LPJmL4 default,NA,productivity
TrH,TEMP_CO2_HIGH_TrH,55,50,60,TRUE,??C,(S18a Tab S13),upper temperature limit for CO2,LPJmL4 default,NA,productivity
BoBS,TEMP_CO2_LOW_BoBS,-4,-3.2,-4.8,TRUE,??C,(S18a Tab S13),lower temperature limit for CO2,LPJmL4 default,NA,productivity
BoNE,TEMP_CO2_LOW_BoNE,-4,-3.2,-4.8,TRUE,??C,(S18a Tab S13),lower temperature limit for CO2,LPJmL4 default,NA,productivity
BoNS,TEMP_CO2_LOW_BoNS,-4,-3.2,-4.8,TRUE,??C,(S18a Tab S13),lower temperature limit for CO2,LPJmL4 default,NA,productivity
PoH,TEMP_CO2_LOW_PoH,-4,-3.2,-4.8,TRUE,??C,(S18a Tab S13),lower temperature limit for CO2,LPJmL4 default,NA,productivity
TeBE,TEMP_CO2_LOW_TeBE,-4,-3.2,-4.8,TRUE,??C,(S18a Tab S13),lower temperature limit for CO2,LPJmL4 default,NA,productivity
TeBS,TEMP_CO2_LOW_TeBS,-4,-3.2,-4.8,TRUE,??C,(S18a Tab S13),lower temperature limit for CO2,LPJmL4 default,NA,productivity
TeH,TEMP_CO2_LOW_TeH,-4,-3.2,-4.8,TRUE,??C,(S18a Tab S13),lower temperature limit for CO2,LPJmL4 default,NA,productivity
TeNE,TEMP_CO2_LOW_TeNE,-4,-3.2,-4.8,TRUE,??C,(S18a Tab S13),lower temperature limit for CO2,LPJmL4 default,NA,productivity
TrBE,TEMP_CO2_LOW_TrBE,2,1.6,2.4,TRUE,??C,(S18a Tab S13),lower temperature limit for CO2,LPJmL4 default,NA,productivity
TrBR,TEMP_CO2_LOW_TrBR,2,1.6,2.4,TRUE,??C,(S18a Tab S13),lower temperature limit for CO2,LPJmL4 default,NA,productivity
TrH,TEMP_CO2_LOW_TrH,6,4.8,7.2,TRUE,??C,(S18a Tab S13),lower temperature limit for CO2,LPJmL4 default,NA,productivity
BoBS,TEMP_HIGH_BoBS,-2,-12,8,TRUE,??C,S18a Tab S4,upper coldest monthly mean temperature,LPJmL4 default,NA,bioclimatic limits
BoNE,TEMP_HIGH_BoNE,-2,-12,8,TRUE,??C,S18a Tab S4,upper coldest monthly mean temperature,LPJmL4 default,NA,bioclimatic limits
BoNS,TEMP_HIGH_BoNS,-5.4,-15.4,4,TRUE,??C,S18a Tab S4,upper coldest monthly mean temperature,LPJmL4 default,NA,bioclimatic limits
PoH,TEMP_HIGH_PoH,-2.6,-13,7.5,TRUE,??C,S18a Tab S4,upper coldest monthly mean temperature,LPJmL4 default,NA,bioclimatic limits
TeBE,TEMP_HIGH_TeBE,18.8,8.8,28.8,TRUE,??C,S18a Tab S4,upper coldest monthly mean temperature,LPJmL4 default,NA,bioclimatic limits
TeBS,TEMP_HIGH_TeBS,15.5,5.5,25.5,TRUE,??C,S18a Tab S4,upper coldest monthly mean temperature,LPJmL4 default,NA,bioclimatic limits
TeH,TEMP_HIGH_TeH,15.5,5.5,25.5,TRUE,??C,S18a Tab S4,upper coldest monthly mean temperature,LPJmL4 default,NA,bioclimatic limits
TeNE,TEMP_HIGH_TeNE,22,12,32,TRUE,??C,S18a Tab S4,upper coldest monthly mean temperature,LPJmL4 default,NA,bioclimatic limits
TrBE,TEMP_HIGH_TrBE,1000,1000,1000,TRUE,??C,S18a Tab S4,upper coldest monthly mean temperature,LPJmL4 default,NA,bioclimatic limits
TrBR,TEMP_HIGH_TrBR,1000,1000,1000,TRUE,??C,S18a Tab S4,upper coldest monthly mean temperature,LPJmL4 default,NA,bioclimatic limits
TrH,TEMP_HIGH_TrH,1000,1000,1000,TRUE,??C,S18a Tab S4,upper coldest monthly mean temperature,LPJmL4 default,NA,bioclimatic limits
BoBS,TEMP_LOW_BoBS,-1000,-1000,-1000,TRUE,??C,S18a Tab S4,lower coldest monthly mean temperature,LPJmL4 default,NA,bioclimatic limits
BoNE,TEMP_LOW_BoNE,-32.5,-40,-20,TRUE,??C,S18a Tab S4,lower coldest monthly mean temperature,LPJmL4 default,NA,bioclimatic limits
BoNS,TEMP_LOW_BoNS,-46,-56,-36,TRUE,??C,S18a Tab S4,lower coldest monthly mean temperature,LPJmL4 default,NA,bioclimatic limits
PoH,TEMP_LOW_PoH,-1000,-1000,-1000,TRUE,??C,S18a Tab S4,lower coldest monthly mean temperature,LPJmL4 default,NA,bioclimatic limits
TeBE,TEMP_LOW_TeBE,3,-5,10,TRUE,??C,S18a Tab S4,lower coldest monthly mean temperature,LPJmL4 default,NA,bioclimatic limits
TeBS,TEMP_LOW_TeBS,-17,-20,-8,TRUE,??C,S18a Tab S4,lower coldest monthly mean temperature,LPJmL4 default,NA,bioclimatic limits
TeH,TEMP_LOW_TeH,-39,-40,-20,TRUE,??C,S18a Tab S4,lower coldest monthly mean temperature,LPJmL4 default,NA,bioclimatic limits
TeNE,TEMP_LOW_TeNE,-2,-10,10,TRUE,??C,S18a Tab S4,lower coldest monthly mean temperature,LPJmL4 default,NA,bioclimatic limits
TrBE,TEMP_LOW_TrBE,15.5,12.4,18.6,TRUE,??C,S18a Tab S4,lower coldest monthly mean temperature,LPJmL4 default,NA,bioclimatic limits
TrBR,TEMP_LOW_TrBR,15.5,12.4,18.6,TRUE,??C,S18a Tab S4,lower coldest monthly mean temperature,LPJmL4 default,NA,bioclimatic limits
TrH,TEMP_LOW_TrH,7,5.6,8.4,TRUE,??C,S18a Tab S4,lower coldest monthly mean temperature,LPJmL4 default,NA,bioclimatic limits
BoBS,TEMP_PHOTOS_HIGH_BoBS,25,20,30,TRUE,??C,(S18a Tab S13),upper limit of temperature optimum for photosynthesis,LPJmL4 default,NA,productivity
BoNE,TEMP_PHOTOS_HIGH_BoNE,25,20,30,TRUE,??C,(S18a Tab S13),upper limit of temperature optimum for photosynthesis,LPJmL4 default,NA,productivity
BoNS,TEMP_PHOTOS_HIGH_BoNS,25,20,30,TRUE,??C,(S18a Tab S13),upper limit of temperature optimum for photosynthesis,LPJmL4 default,NA,productivity
PoH,TEMP_PHOTOS_HIGH_PoH,30,24,36,TRUE,??C,(S18a Tab S13),upper limit of temperature optimum for photosynthesis,LPJmL4 default,NA,productivity
TeBE,TEMP_PHOTOS_HIGH_TeBE,30,25,35,TRUE,??C,(S18a Tab S13),upper limit of temperature optimum for photosynthesis,LPJmL4 default,NA,productivity
TeBS,TEMP_PHOTOS_HIGH_TeBS,25,20,30,TRUE,??C,(S18a Tab S13),upper limit of temperature optimum for photosynthesis,LPJmL4 default,NA,productivity
TeH,TEMP_PHOTOS_HIGH_TeH,30,25,35,TRUE,??C,(S18a Tab S13),upper limit of temperature optimum for photosynthesis,LPJmL4 default,NA,productivity
TeNE,TEMP_PHOTOS_HIGH_TeNE,30,25,35,TRUE,??C,(S18a Tab S13),upper limit of temperature optimum for photosynthesis,LPJmL4 default,NA,productivity
TrBE,TEMP_PHOTOS_HIGH_TrBE,30,25,35,TRUE,??C,(S18a Tab S13),upper limit of temperature optimum for photosynthesis,LPJmL4 default,NA,productivity
TrBR,TEMP_PHOTOS_HIGH_TrBR,30,25,35,TRUE,??C,(S18a Tab S13),upper limit of temperature optimum for photosynthesis,LPJmL4 default,NA,productivity
TrH,TEMP_PHOTOS_HIGH_TrH,45,40,50,TRUE,??C,(S18a Tab S13),upper limit of temperature optimum for photosynthesis,LPJmL4 default,NA,productivity
BoBS,TEMP_PHOTOS_LOW_BoBS,15,12,18,TRUE,??C,(S18a Tab S13),lower limit of temperature optimum for photosynthesis,LPJmL4 default,NA,productivity
BoNE,TEMP_PHOTOS_LOW_BoNE,15,12,18,TRUE,??C,(S18a Tab S13),lower limit of temperature optimum for photosynthesis,LPJmL4 default,NA,productivity
BoNS,TEMP_PHOTOS_LOW_BoNS,15,12,18,TRUE,??C,(S18a Tab S13),lower limit of temperature optimum for photosynthesis,LPJmL4 default,NA,productivity
PoH,TEMP_PHOTOS_LOW_PoH,10,8,12,TRUE,??C,(S18a Tab S13),lower limit of temperature optimum for photosynthesis,LPJmL4 default,NA,productivity
TeBE,TEMP_PHOTOS_LOW_TeBE,20,16,24,TRUE,??C,(S18a Tab S13),lower limit of temperature optimum for photosynthesis,LPJmL4 default,NA,productivity
TeBS,TEMP_PHOTOS_LOW_TeBS,20,16,24,TRUE,??C,(S18a Tab S13),lower limit of temperature optimum for photosynthesis,LPJmL4 default,NA,productivity
TeH,TEMP_PHOTOS_LOW_TeH,10,8,12,TRUE,??C,(S18a Tab S13),lower limit of temperature optimum for photosynthesis,LPJmL4 default,NA,productivity
TeNE,TEMP_PHOTOS_LOW_TeNE,20,16,24,TRUE,??C,(S18a Tab S13),lower limit of temperature optimum for photosynthesis,LPJmL4 default,NA,productivity
TrBE,TEMP_PHOTOS_LOW_TrBE,25,20,30,TRUE,??C,(S18a Tab S13),lower limit of temperature optimum for photosynthesis,LPJmL4 default,NA,productivity
TrBR,TEMP_PHOTOS_LOW_TrBR,25,20,30,TRUE,??C,(S18a Tab S13),lower limit of temperature optimum for photosynthesis,LPJmL4 default,NA,productivity
TrH,TEMP_PHOTOS_LOW_TrH,20,16,24,TRUE,??C,(S18a Tab S13),lower limit of temperature optimum for photosynthesis,LPJmL4 default,NA,productivity
global,TEMP_RESPONSE,56.02,46,66,FALSE,-,-,,,NA,
global,THETA,0.9,0.5,0.98,FALSE,-,S18a Tab S6,Co-limitation (shape) parameter,LPJmL4 default,TRUE,productivity
BoBS,TMAX_BASE_BoBS,41.51,33.208,49.812,TRUE,??C,F14 Tab S5,inflection point of heat-limiting function,LPJmL4 default,NA,phenology
BoNE,TMAX_BASE_BoNE,27.32,21.856,32.784,TRUE,??C,F14 Tab S5,inflection point of heat-limiting function,LPJmL4 default,NA,phenology
BoNS,TMAX_BASE_BoNS,44.6,35.68,53.52,TRUE,??C,F14 Tab S5,inflection point of heat-limiting function,LPJmL4 default,NA,phenology
PoH,TMAX_BASE_PoH,26.12,20.896,31.344,TRUE,??C,F14 Tab S5,inflection point of heat-limiting function,LPJmL4 default,NA,phenology
TeBE,TMAX_BASE_TeBE,41.12,32.896,49.344,TRUE,??C,F14 Tab S5,inflection point of heat-limiting function,LPJmL4 default,NA,phenology
TeBS,TMAX_BASE_TeBS,41.51,33.208,49.812,TRUE,??C,F14 Tab S5,inflection point of heat-limiting function,LPJmL4 default,NA,phenology
TeH,TMAX_BASE_TeH,32.04,25.632,38.448,TRUE,??C,F14 Tab S5,inflection point of heat-limiting function,LPJmL4 default,NA,phenology
TeNE,TMAX_BASE_TeNE,35.26,28.208,42.312,TRUE,??C,F14 Tab S5,inflection point of heat-limiting function,LPJmL4 default,NA,phenology
TrBE,TMAX_BASE_TrBE,38.64,30.912,46.368,TRUE,??C,F14 Tab S5,inflection point of heat-limiting function,LPJmL4 default,NA,phenology
TrBR,TMAX_BASE_TrBR,38.64,30.912,46.368,TRUE,??C,F14 Tab S5,inflection point of heat-limiting function,LPJmL4 default,NA,phenology
TrH,TMAX_BASE_TrH,29.16,23.328,34.992,TRUE,??C,F14 Tab S5,inflection point of heat-limiting function,LPJmL4 default,NA,phenology
BoBS,TMAX_SLOPE_BoBS,1.74,1.392,2.088,TRUE,1/??C,F14 Tab S5,Slope of heat-limiting function,LPJmL4 default,NA,phenology
BoNE,TMAX_SLOPE_BoNE,0.24,0.192,0.288,TRUE,1/??C,F14 Tab S5,Slope of heat-limiting function,LPJmL4 default,NA,phenology
BoNS,TMAX_SLOPE_BoNS,1.24,1.24,1.24,TRUE,1/??C,F14 Tab S5,Slope of heat-limiting function,LPJmL4 default,NA,phenology
PoH,TMAX_SLOPE_PoH,0.24,0.192,0.288,TRUE,1/??C,F14 Tab S5,Slope of heat-limiting function,LPJmL4 default,NA,phenology
TeBE,TMAX_SLOPE_TeBE,0.98,0.784,1.176,TRUE,1/??C,F14 Tab S5,Slope of heat-limiting function,LPJmL4 default,NA,phenology
TeBS,TMAX_SLOPE_TeBS,1.74,1.392,2.088,TRUE,1/??C,F14 Tab S5,Slope of heat-limiting function,LPJmL4 default,NA,phenology
TeH,TMAX_SLOPE_TeH,0.24,0.192,0.288,TRUE,1/??C,F14 Tab S5,Slope of heat-limiting function,LPJmL4 default,NA,phenology
TeNE,TMAX_SLOPE_TeNE,1.83,1.464,2.196,TRUE,1/??C,F14 Tab S5,Slope of heat-limiting function,LPJmL4 default,NA,phenology
TrBE,TMAX_SLOPE_TrBE,1.86,1.488,2.232,TRUE,1/??C,F14 Tab S5,Slope of heat-limiting function,LPJmL4 default,NA,phenology
TrBR,TMAX_SLOPE_TrBR,1.625,1.3,1.95,TRUE,1/??C,F14 Tab S5,Slope of heat-limiting function,LPJmL4 default,NA,phenology
TrH,TMAX_SLOPE_TrH,1.47,1.176,1.764,TRUE,1/??C,F14 Tab S5,Slope of heat-limiting function,LPJmL4 default,NA,phenology
BoBS,TMAX_TAU_BoBS,0.2,0.16,0.24,TRUE,-,F14 Tab S5,Change rate of actual to previous day value,LPJmL4 default,NA,phenology
BoNE,TMAX_TAU_BoNE,0.2,0.16,0.24,TRUE,-,F14 Tab S5,Change rate of actual to previous day value,LPJmL4 default,NA,phenology
BoNS,TMAX_TAU_BoNS,0.2,0.16,0.24,TRUE,-,F14 Tab S5,Change rate of actual to previous day value,LPJmL4 default,NA,phenology
PoH,TMAX_TAU_PoH,0.2,0.16,0.24,TRUE,-,F14 Tab S5,Change rate of actual to previous day value,LPJmL4 default,NA,phenology
TeBE,TMAX_TAU_TeBE,0.2,0.16,0.24,TRUE,-,F14 Tab S5,Change rate of actual to previous day value,LPJmL4 default,NA,phenology
TeBS,TMAX_TAU_TeBS,0.2,0.16,0.24,TRUE,-,F14 Tab S5,Change rate of actual to previous day value,LPJmL4 default,NA,phenology
TeH,TMAX_TAU_TeH,0.2,0.16,0.24,TRUE,-,F14 Tab S5,Change rate of actual to previous day value,LPJmL4 default,NA,phenology
TeNE,TMAX_TAU_TeNE,0.2,0.16,0.24,TRUE,-,F14 Tab S5,Change rate of actual to previous day value,LPJmL4 default,NA,phenology
TrBE,TMAX_TAU_TrBE,0.2,0.16,0.24,TRUE,-,F14 Tab S5,Change rate of actual to previous day value,LPJmL4 default,NA,phenology
TrBR,TMAX_TAU_TrBR,0.1,0.1,0.1,TRUE,-,F14 Tab S5,Change rate of actual to previous day value,LPJmL4 default,NA,phenology
TrH,TMAX_TAU_TrH,0.2,0.16,0.24,TRUE,-,F14 Tab S5,Change rate of actual to previous day value,LPJmL4 default,NA,phenology
BoBS,TMIN_BASE_BoBS,2.045,1.636,2.454,TRUE,??C,F14 Tab S5,inflection point of cold-limiting function,LPJmL4 default,NA,phenology
BoNE,TMIN_BASE_BoNE,-7.516,-6.0128,-9.0192,TRUE,??C,F14 Tab S5,inflection point of cold-limiting function,LPJmL4 default,NA,phenology
BoNS,TMIN_BASE_BoNS,-4.165,-4.165,-4.165,TRUE,??C,F14 Tab S5,inflection point of cold-limiting function,LPJmL4 default,NA,phenology
PoH,TMIN_BASE_PoH,2.79,2.232,3.348,TRUE,??C,F14 Tab S5,inflection point of cold-limiting function,LPJmL4 default,NA,phenology
TeBE,TMIN_BASE_TeBE,-0.6297,-0.50376,-0.75564,TRUE,??C,F14 Tab S5,inflection point of cold-limiting function,LPJmL4 default,NA,phenology
TeBS,TMIN_BASE_TeBS,5.69,5.69,5.69,TRUE,??C,F14 Tab S5,inflection point of cold-limiting function,LPJmL4 default,NA,phenology
TeH,TMIN_BASE_TeH,4.979,3.9832,5.9748,TRUE,??C,F14 Tab S5,inflection point of cold-limiting function,LPJmL4 default,NA,phenology
TeNE,TMIN_BASE_TeNE,-7.813,-6.2504,-9.3756,TRUE,??C,F14 Tab S5,inflection point of cold-limiting function,LPJmL4 default,NA,phenology
TrBE,TMIN_BASE_TrBE,8.3,6.64,9.96,TRUE,??C,F14 Tab S5,inflection point of cold-limiting function,LPJmL4 default,NA,phenology
TrBR,TMIN_BASE_TrBR,7.66,6.128,9.192,TRUE,??C,F14 Tab S5,inflection point of cold-limiting function,LPJmL4 default,NA,phenology
TrH,TMIN_BASE_TrH,6.418,5.1344,7.7016,TRUE,??C,F14 Tab S5,inflection point of cold-limiting function,LPJmL4 default,NA,phenology
BoBS,TMIN_SLOPE_BoBS,0.2153,0.17224,0.25836,TRUE,1/??C,F14 Tab S5,Slope of cold-limiting function,LPJmL4 default,NA,phenology
BoNE,TMIN_SLOPE_BoNE,0.1008,0.08064,0.12096,TRUE,1/??C,F14 Tab S5,Slope of cold-limiting function,LPJmL4 default,NA,phenology
BoNS,TMIN_SLOPE_BoNS,0.21,0.21,0.21,TRUE,1/??C,F14 Tab S5,Slope of cold-limiting function,LPJmL4 default,NA,phenology
PoH,TMIN_SLOPE_PoH,0.13,0.104,0.156,TRUE,1/??C,F14 Tab S5,Slope of cold-limiting function,LPJmL4 default,NA,phenology
TeBE,TMIN_SLOPE_TeBE,0.55,0.44,0.66,TRUE,1/??C,F14 Tab S5,Slope of cold-limiting function,LPJmL4 default,NA,phenology
TeBS,TMIN_SLOPE_TeBS,0.2591,0.20728,0.31092,TRUE,1/??C,F14 Tab S5,Slope of cold-limiting function,LPJmL4 default,NA,phenology
TeH,TMIN_SLOPE_TeH,0.3111,0.24888,0.37332,TRUE,1/??C,F14 Tab S5,Slope of cold-limiting function,LPJmL4 default,NA,phenology
TeNE,TMIN_SLOPE_TeNE,0.2172,0.17376,0.26064,TRUE,1/??C,F14 Tab S5,Slope of cold-limiting function,LPJmL4 default,NA,phenology
TrBE,TMIN_SLOPE_TrBE,1.01,0.808,1.212,TRUE,1/??C,F14 Tab S5,Slope of cold-limiting function,LPJmL4 default,NA,phenology
TrBR,TMIN_SLOPE_TrBR,0.24,0.192,0.288,TRUE,1/??C,F14 Tab S5,Slope of cold-limiting function,LPJmL4 default,NA,phenology
TrH,TMIN_SLOPE_TrH,0.91,0.728,1.092,TRUE,1/??C,F14 Tab S5,Slope of cold-limiting function,LPJmL4 default,NA,phenology
BoBS,TMIN_TAU_BoBS,0.2,0.16,0.24,TRUE,-,F14 Tab S5,Change rate of actual to previous day value,LPJmL4 default,NA,phenology
BoNE,TMIN_TAU_BoNE,0.2,0.16,0.24,TRUE,-,F14 Tab S5,Change rate of actual to previous day value,LPJmL4 default,NA,phenology
BoNS,TMIN_TAU_BoNS,0.2,0.16,0.24,TRUE,-,F14 Tab S5,Change rate of actual to previous day value,LPJmL4 default,NA,phenology
PoH,TMIN_TAU_PoH,0.2,0.16,0.24,TRUE,-,F14 Tab S5,Change rate of actual to previous day value,LPJmL4 default,NA,phenology
TeBE,TMIN_TAU_TeBE,0.2,0.16,0.24,TRUE,-,F14 Tab S5,Change rate of actual to previous day value,LPJmL4 default,NA,phenology
TeBS,TMIN_TAU_TeBS,0.2,0.16,0.24,TRUE,-,F14 Tab S5,Change rate of actual to previous day value,LPJmL4 default,NA,phenology
TeH,TMIN_TAU_TeH,0.01011,0.008088,0.012132,TRUE,-,F14 Tab S5,Change rate of actual to previous day value,LPJmL4 default,NA,phenology
TeNE,TMIN_TAU_TeNE,0.2,0.16,0.24,TRUE,-,F14 Tab S5,Change rate of actual to previous day value,LPJmL4 default,NA,phenology
TrBE,TMIN_TAU_TrBE,0.2,0.16,0.24,TRUE,-,F14 Tab S5,Change rate of actual to previous day value,LPJmL4 default,NA,phenology
TrBR,TMIN_TAU_TrBR,0.1,0.1,0.1,TRUE,-,F14 Tab S5,Change rate of actual to previous day value,LPJmL4 default,NA,phenology
TrH,TMIN_TAU_TrH,0.2,0.16,0.24,TRUE,-,F14 Tab S5,Change rate of actual to previous day value,LPJmL4 default,NA,phenology
BoBS,TURNOVER_LEAF_BoBS,1,0.8,1.2,TRUE,,,,,NA,
BoNE,TURNOVER_LEAF_BoNE,4,2,5,TRUE,,,,,NA,
BoNS,TURNOVER_LEAF_BoNS,1,1,5,TRUE,,,,,NA,
PoH,TURNOVER_LEAF_PoH,1,1,2,TRUE,,,,,NA,
TeBE,TURNOVER_LEAF_TeBE,1,1,3,TRUE,,,,,NA,
TeBS,TURNOVER_LEAF_TeBS,1,0.8,1.2,TRUE,,,,,NA,
TeH,TURNOVER_LEAF_TeH,1,1,2,TRUE,,,,,NA,
TeNE,TURNOVER_LEAF_TeNE,4,2,5,TRUE,,,,,NA,
TrBE,TURNOVER_LEAF_TrBE,2,1,3,TRUE,,,,,NA,
TrBR,TURNOVER_LEAF_TrBR,1,0.8,1.2,TRUE,,,,,NA,
TrH,TURNOVER_LEAF_TrH,1,1,2,TRUE,,,,,NA,
BoBS,TURNOVER_ROOT_BoBS,1,0.8,1.2,TRUE,,,,,NA,
BoNE,TURNOVER_ROOT_BoNE,4,2,5,TRUE,,,,,NA,
BoNS,TURNOVER_ROOT_BoNS,1,2,5,TRUE,,,,,NA,
PoH,TURNOVER_ROOT_PoH,2,1,2,TRUE,,,,,NA,
TeBE,TURNOVER_ROOT_TeBE,1,1,3,TRUE,,,,,NA,
TeBS,TURNOVER_ROOT_TeBS,1,0.8,1.2,TRUE,,,,,NA,
TeH,TURNOVER_ROOT_TeH,2,1,2,TRUE,,,,,NA,
TeNE,TURNOVER_ROOT_TeNE,4,2,5,TRUE,,,,,NA,
TrBE,TURNOVER_ROOT_TrBE,2,1,3,TRUE,,,,,NA,
TrBR,TURNOVER_ROOT_TrBR,1,0.8,1.2,TRUE,,,,,NA,
TrH,TURNOVER_ROOT_TrH,2,1,2,TRUE,,,,,NA,
BoBS,TURNOVER_SAPWOOD_BoBS,25,20,30,TRUE,a,S18a Tab S8,sapwood turnover time,LPJmL4 default,TRUE,turnover
BoNE,TURNOVER_SAPWOOD_BoNE,25,20,30,TRUE,a,S18a Tab S8,sapwood turnover time,LPJmL4 default,TRUE,turnover
BoNS,TURNOVER_SAPWOOD_BoNS,25,20,30,TRUE,a,S18a Tab S8,sapwood turnover time,LPJmL4 default,TRUE,turnover
TeBE,TURNOVER_SAPWOOD_TeBE,25,20,30,TRUE,a,S18a Tab S8,sapwood turnover time,LPJmL4 default,TRUE,turnover
TeBS,TURNOVER_SAPWOOD_TeBS,25,20,30,TRUE,a,S18a Tab S8,sapwood turnover time,LPJmL4 default,TRUE,turnover
TeNE,TURNOVER_SAPWOOD_TeNE,25,20,30,TRUE,a,S18a Tab S8,sapwood turnover time,LPJmL4 default,TRUE,turnover
TrBE,TURNOVER_SAPWOOD_TrBE,30,25,35,TRUE,a,S18a Tab S8,sapwood turnover time,LPJmL4 default,TRUE,turnover
TrBR,TURNOVER_SAPWOOD_TrBR,30,25,35,TRUE,a,S18a Tab S8,sapwood turnover time,LPJmL4 default,TRUE,turnover
BoBS,TWMAX_BoBS,23,18.4,27.6,TRUE,??C,S18a Tab S6,Parameter for heat damage function,LPJmL4 default,NA,mortality
BoNE,TWMAX_BoNE,23,18.4,27.6,TRUE,??C,S18a Tab S6,Parameter for heat damage function,LPJmL4 default,NA,mortality
BoNS,TWMAX_BoNS,23,18.4,27.6,TRUE,??C,S18a Tab S6,Parameter for heat damage function,LPJmL4 default,NA,mortality
BoBS,TWMAX_DAILY_BoBS,25,20,30,TRUE,??C,S18a Tab S6,Parameter for heat damage function,LPJmL4 default,NA,mortality
BoNE,TWMAX_DAILY_BoNE,25,20,30,TRUE,??C,S18a Tab S6,Parameter for heat damage function,LPJmL4 default,NA,mortality
BoNS,TWMAX_DAILY_BoNS,25,20,30,TRUE,??C,S18a Tab S6,Parameter for heat damage function,LPJmL4 default,NA,mortality
PoH,TWMAX_DAILY_PoH,1000,1000,1000,TRUE,??C,S18a Tab S6,Parameter for heat damage function,LPJmL4 default,NA,mortality
TeBE,TWMAX_DAILY_TeBE,1000,1000,1000,TRUE,??C,S18a Tab S6,Parameter for heat damage function,LPJmL4 default,NA,mortality
TeBS,TWMAX_DAILY_TeBS,1000,1000,1000,TRUE,??C,S18a Tab S6,Parameter for heat damage function,LPJmL4 default,NA,mortality
TeH,TWMAX_DAILY_TeH,1000,1000,1000,TRUE,??C,S18a Tab S6,Parameter for heat damage function,LPJmL4 default,NA,mortality
TeNE,TWMAX_DAILY_TeNE,1000,1000,1000,TRUE,??C,S18a Tab S6,Parameter for heat damage function,LPJmL4 default,NA,mortality
TrBE,TWMAX_DAILY_TrBE,1000,1000,1000,TRUE,??C,S18a Tab S6,Parameter for heat damage function,LPJmL4 default,NA,mortality
TrBR,TWMAX_DAILY_TrBR,1000,1000,1000,TRUE,??C,S18a Tab S6,Parameter for heat damage function,LPJmL4 default,NA,mortality
TrH,TWMAX_DAILY_TrH,1000,1000,1000,TRUE,??C,S18a Tab S6,Parameter for heat damage function,LPJmL4 default,NA,mortality
PoH,TWMAX_PoH,1000,1000,1000,TRUE,??C,S18a Tab S6,Parameter for heat damage function,LPJmL4 default,NA,mortality
TeBE,TWMAX_TeBE,1000,1000,1000,TRUE,??C,S18a Tab S6,Parameter for heat damage function,LPJmL4 default,NA,mortality
TeBS,TWMAX_TeBS,1000,1000,1000,TRUE,??C,S18a Tab S6,Parameter for heat damage function,LPJmL4 default,NA,mortality
TeH,TWMAX_TeH,1000,1000,1000,TRUE,??C,S18a Tab S6,Parameter for heat damage function,LPJmL4 default,NA,mortality
TeNE,TWMAX_TeNE,1000,1000,1000,TRUE,??C,S18a Tab S6,Parameter for heat damage function,LPJmL4 default,NA,mortality
TrBE,TWMAX_TrBE,1000,1000,1000,TRUE,??C,S18a Tab S6,Parameter for heat damage function,LPJmL4 default,NA,mortality
TrBR,TWMAX_TrBR,1000,1000,1000,TRUE,??C,S18a Tab S6,Parameter for heat damage function,LPJmL4 default,NA,mortality
TrH,TWMAX_TrH,1000,1000,1000,TRUE,??C,S18a Tab S6,Parameter for heat damage function,LPJmL4 default,NA,mortality
global,UP_T_M,15,12,18,FALSE,-,LPJmL5.2,Temperature update function,LPJmL5 default,NA,Nitrogen
BoBS,VMAX_UP_BoBS,2.8,2,4,TRUE,-,LPJmL5.1,maximum N uptake rate,LPJmL5 default,NA,Nitrogen
BoNE,VMAX_UP_BoNE,2.8,2,4,TRUE,-,LPJmL5.1,maximum N uptake rate,LPJmL5 default,NA,Nitrogen
BoNS,VMAX_UP_BoNS,2.8,2,4,TRUE,-,LPJmL5.1,maximum N uptake rate,LPJmL5 default,NA,Nitrogen
PoH,VMAX_UP_PoH,5.51,4,6,TRUE,-,LPJmL5.1,maximum N uptake rate,LPJmL5 default,NA,Nitrogen
TeBE,VMAX_UP_TeBE,2.8,2,4,TRUE,-,LPJmL5.1,maximum N uptake rate,LPJmL5 default,NA,Nitrogen
TeBS,VMAX_UP_TeBS,2.8,2,4,TRUE,-,LPJmL5.1,maximum N uptake rate,LPJmL5 default,NA,Nitrogen
TeH,VMAX_UP_TeH,5.51,4,6,TRUE,-,LPJmL5.1,maximum N uptake rate,LPJmL5 default,NA,Nitrogen
TeNE,VMAX_UP_TeNE,2.8,2,4,TRUE,-,LPJmL5.1,maximum N uptake rate,LPJmL5 default,NA,Nitrogen
TrBE,VMAX_UP_TrBE,2.8,2,4,TRUE,-,LPJmL5.1,maximum N uptake rate,LPJmL5 default,NA,Nitrogen
TrBR,VMAX_UP_TrBR,2.8,2,4,TRUE,-,LPJmL5.1,maximum N uptake rate,LPJmL5 default,NA,Nitrogen
TrH,VMAX_UP_TrH,5.51,4,6,TRUE,-,LPJmL5.1,maximum N uptake rate,LPJmL5 default,NA,Nitrogen
BoBS,VPD_PAR_BoBS,6,1,50,TRUE,-,Drueke et al.,scaling factor VPD fire danger index,LPJmL4 default,NA,fire danger
BoNE,VPD_PAR_BoNE,6,1,50,TRUE,-,Drueke et al.,scaling factor VPD fire danger index,LPJmL4 default,NA,fire danger
BoNS,VPD_PAR_BoNS,6,1,50,TRUE,-,Drueke et al.,scaling factor VPD fire danger index,LPJmL4 default,NA,fire danger
PoH,VPD_PAR_PoH,6,1,50,TRUE,-,Drueke et al.,scaling factor VPD fire danger index,LPJmL4 default,NA,fire danger
TeBE,VPD_PAR_TeBE,6,1,50,TRUE,-,Drueke et al.,scaling factor VPD fire danger index,LPJmL4 default,NA,fire danger
TeBS,VPD_PAR_TeBS,6,1,50,TRUE,-,Drueke et al.,scaling factor VPD fire danger index,LPJmL4 default,NA,fire danger
TeH,VPD_PAR_TeH,6,1,50,TRUE,-,Drueke et al.,scaling factor VPD fire danger index,LPJmL4 default,NA,fire danger
TeNE,VPD_PAR_TeNE,6,1,50,TRUE,-,Drueke et al.,scaling factor VPD fire danger index,LPJmL4 default,NA,fire danger
TrBE,VPD_PAR_TrBE,47.22296,1,60,TRUE,-,Drueke et al.,scaling factor VPD fire danger index,LPJmL4 default,NA,fire danger
TrBR,VPD_PAR_TrBR,15.43195,1,60,TRUE,-,Drueke et al.,scaling factor VPD fire danger index,LPJmL4 default,NA,fire danger
TrH,VPD_PAR_TrH,3.85899,1,60,TRUE,-,Drueke et al.,scaling factor VPD fire danger index,LPJmL4 default,NA,fire danger
BoBS,WINDSPEED_DAMPENING_BoBS,0.4,0.3,0.5,TRUE,,,,,NA,
BoNE,WINDSPEED_DAMPENING_BoNE,0.4,0.3,0.5,TRUE,,,,,NA,
BoNS,WINDSPEED_DAMPENING_BoNS,0.4,0.3,0.5,TRUE,,,,,NA,
PoH,WINDSPEED_DAMPENING_PoH,0.6,0.4,0.7,TRUE,,,,,NA,
TeBE,WINDSPEED_DAMPENING_TeBE,0.4,0.3,0.5,TRUE,,,,,NA,
TeBS,WINDSPEED_DAMPENING_TeBS,0.4,0.3,0.5,TRUE,,,,,NA,
TeH,WINDSPEED_DAMPENING_TeH,0.6,0.4,0.7,TRUE,,,,,NA,
TeNE,WINDSPEED_DAMPENING_TeNE,0.4,0.3,0.5,TRUE,,,,,NA,
TrBE,WINDSPEED_DAMPENING_TrBE,0.4,0.3,0.5,TRUE,,,,,NA,
TrBR,WINDSPEED_DAMPENING_TrBR,0.4,0.3,0.5,TRUE,,,,,NA,
TrH,WINDSPEED_DAMPENING_TrH,0.6,0.4,0.7,TRUE,,,,,NA,
BoBS,WOOD_SAPL_BoBS,1.2,1.1,1.25,TRUE,,,,,NA,
BoNE,WOOD_SAPL_BoNE,1.2,1.1,1.25,TRUE,,,,,NA,
BoNS,WOOD_SAPL_BoNS,1.2,1.1,1.25,TRUE,,,,,NA,
TeBE,WOOD_SAPL_TeBE,1.2,1.1,1.25,TRUE,,,,,NA,
TeBS,WOOD_SAPL_TeBS,1.2,1.1,1.25,TRUE,,,,,NA,
TeNE,WOOD_SAPL_TeNE,1.2,1.1,1.25,TRUE,,,,,NA,
TrBE,WOOD_SAPL_TrBE,1.2,1.1,1.25,TRUE,,,,,NA,
TrBR,WOOD_SAPL_TrBR,1.2,1.1,1.25,TRUE,,,,,NA,
BoBS,WSCAL_BASE_BoBS,20.96,16.768,25.152,TRUE,%/100,F14 Tab S5,inflection point of water-limiting function,LPJmL4 default,NA,phenology
BoNE,WSCAL_BASE_BoNE,0.007695,0.006156,0.009234,TRUE,%/100,F14 Tab S5,inflection point of water-limiting function,LPJmL4 default,NA,phenology
BoNS,WSCAL_BASE_BoNS,2.344,1.8752,2.8128,TRUE,%/100,F14 Tab S5,inflection point of water-limiting function,LPJmL4 default,NA,phenology
PoH,WSCAL_BASE_PoH,1,0.8,1.2,TRUE,%/100,F14 Tab S5,inflection point of water-limiting function,LPJmL4 default,NA,phenology
TeBE,WSCAL_BASE_TeBE,8.821,7.0568,10.5852,TRUE,%/100,F14 Tab S5,inflection point of water-limiting function,LPJmL4 default,NA,phenology
TeBS,WSCAL_BASE_TeBS,20.96,16.768,25.152,TRUE,%/100,F14 Tab S5,inflection point of water-limiting function,LPJmL4 default,NA,phenology
TeH,WSCAL_BASE_TeH,53.07,42.456,63.684,TRUE,%/100,F14 Tab S5,inflection point of water-limiting function,LPJmL4 default,NA,phenology
TeNE,WSCAL_BASE_TeNE,8.613,6.8904,10.3356,TRUE,%/100,F14 Tab S5,inflection point of water-limiting function,LPJmL4 default,NA,phenology
TrBE,WSCAL_BASE_TrBE,4.997,3.9976,5.9964,TRUE,%/100,F14 Tab S5,inflection point of water-limiting function,LPJmL4 default,NA,phenology
TrBR,WSCAL_BASE_TrBR,22.21,17.768,26.652,TRUE,%/100,F14 Tab S5,inflection point of water-limiting function,LPJmL4 default,NA,phenology
TrH,WSCAL_BASE_TrH,41.72,33.376,50.064,TRUE,%/100,F14 Tab S5,inflection point of water-limiting function,LPJmL4 default,NA,phenology
BoBS,WSCAL_SLOPE_BoBS,5.24,4.192,6.288,TRUE,%/100,F14 Tab S5,Slope of water-limiting function,LPJmL4 default,NA,phenology
BoNE,WSCAL_SLOPE_BoNE,5,4,6,TRUE,%/100,F14 Tab S5,Slope of water-limiting function,LPJmL4 default,NA,phenology
BoNS,WSCAL_SLOPE_BoNS,5,4,6,TRUE,%/100,F14 Tab S5,Slope of water-limiting function,LPJmL4 default,NA,phenology
PoH,WSCAL_SLOPE_PoH,0.88,0.704,1.056,TRUE,%/100,F14 Tab S5,Slope of water-limiting function,LPJmL4 default,NA,phenology
TeBE,WSCAL_SLOPE_TeBE,5,4,6,TRUE,%/100,F14 Tab S5,Slope of water-limiting function,LPJmL4 default,NA,phenology
TeBS,WSCAL_SLOPE_TeBS,5.24,4.192,6.288,TRUE,%/100,F14 Tab S5,Slope of water-limiting function,LPJmL4 default,NA,phenology
TeH,WSCAL_SLOPE_TeH,0.5222,0.41776,0.62664,TRUE,%/100,F14 Tab S5,Slope of water-limiting function,LPJmL4 default,NA,phenology
TeNE,WSCAL_SLOPE_TeNE,5,4,6,TRUE,%/100,F14 Tab S5,Slope of water-limiting function,LPJmL4 default,NA,phenology
TrBE,WSCAL_SLOPE_TrBE,5.14,4.112,6.168,TRUE,%/100,F14 Tab S5,Slope of water-limiting function,LPJmL4 default,NA,phenology
TrBR,WSCAL_SLOPE_TrBR,7.97,6.376,9.564,TRUE,%/100,F14 Tab S5,Slope of water-limiting function,LPJmL4 default,NA,phenology
TrH,WSCAL_SLOPE_TrH,0.1,0.08,0.12,TRUE,%/100,F14 Tab S5,Slope of water-limiting function,LPJmL4 default,NA,phenology
BoBS,WSCAL_TAU_BoBS,0.7,0.64,0.96,TRUE,%/100,F14 Tab S5,Change rate of actual to previous day value,LPJmL4 default,NA,phenology
BoNE,WSCAL_TAU_BoNE,0.8,0.64,0.96,TRUE,%/100,F14 Tab S5,Change rate of actual to previous day value,LPJmL4 default,NA,phenology
BoNS,WSCAL_TAU_BoNS,0.8,0.64,0.96,TRUE,%/100,F14 Tab S5,Change rate of actual to previous day value,LPJmL4 default,NA,phenology
PoH,WSCAL_TAU_PoH,0.94,0.752,1.128,TRUE,%/100,F14 Tab S5,Change rate of actual to previous day value,LPJmL4 default,NA,phenology
TeBE,WSCAL_TAU_TeBE,0.8,0.64,0.96,TRUE,%/100,F14 Tab S5,Change rate of actual to previous day value,LPJmL4 default,NA,phenology
TeBS,WSCAL_TAU_TeBS,0.8,0.64,0.96,TRUE,%/100,F14 Tab S5,Change rate of actual to previous day value,LPJmL4 default,NA,phenology
TeH,WSCAL_TAU_TeH,0.01001,0.008008,0.012012,TRUE,%/100,F14 Tab S5,Change rate of actual to previous day value,LPJmL4 default,NA,phenology
TeNE,WSCAL_TAU_TeNE,0.7,0.64,0.96,TRUE,%/100,F14 Tab S5,Change rate of actual to previous day value,LPJmL4 default,NA,phenology
TrBE,WSCAL_TAU_TrBE,0.44,0.352,0.528,TRUE,%/100,F14 Tab S5,Change rate of actual to previous day value,LPJmL4 default,NA,phenology
TrBR,WSCAL_TAU_TrBR,0.1348,0.10784,0.16176,TRUE,%/100,F14 Tab S5,Change rate of actual to previous day value,LPJmL4 default,NA,phenology
TrH,WSCAL_TAU_TrH,0.17,0.136,0.204,TRUE,%/100,F14 Tab S5,Change rate of actual to previous day value,LPJmL4 default,NA,phenology
global,WVPD_PAR,6,4.8,7.2,FALSE,,,,,NA,
