pft,par.names,par.prior,par.lower,par.upper,par.pftspecif,par.unit,reference,description,comment,Zaehle2005,process
BoBS,ALBEDO_LEAF_BoBS,0.18,0.11,0.25,TRUE,-,S18a Tab S5,leaf albedo,LPJmL4 default,,albedo
BoNE,ALBEDO_LEAF_BoNE,0.13,0.06,0.2,TRUE,-,S18a Tab S5,leaf albedo,LPJmL4 default,,albedo
BoNS,ALBEDO_LEAF_BoNS,0.12,0.05,0.19,TRUE,-,S18a Tab S5,leaf albedo,LPJmL4 default,,albedo
PoH,ALBEDO_LEAF_PoH,0.21,0.14,0.28,TRUE,-,S18a Tab S5,leaf albedo,LPJmL4 default,,albedo
TeBE,ALBEDO_LEAF_TeBE,0.15,0.08,0.22,TRUE,-,S18a Tab S5,leaf albedo,LPJmL4 default,,albedo
TeBS,ALBEDO_LEAF_TeBS,0.15,0.08,0.22,TRUE,-,S18a Tab S5,leaf albedo,LPJmL4 default,,albedo
TeH,ALBEDO_LEAF_TeH,0.2,0.13,0.27,TRUE,-,S18a Tab S5,leaf albedo,LPJmL4 default,,albedo
TeNE,ALBEDO_LEAF_TeNE,0.137,0.067,0.207,TRUE,-,S18a Tab S5,leaf albedo,LPJmL4 default,,albedo
TrBE,ALBEDO_LEAF_TrBE,0.14,0.07,0.21,TRUE,-,S18a Tab S5,leaf albedo,LPJmL4 default,,albedo
TrBR,ALBEDO_LEAF_TrBR,0.13,0.06,0.2,TRUE,-,S18a Tab S5,leaf albedo,LPJmL4 default,,albedo
TrH,ALBEDO_LEAF_TrH,0.21,0.14,0.28,TRUE,-,S18a Tab S5,leaf albedo,LPJmL4 default,,albedo
BoBS,ALBEDO_LITTER_BoBS,0.1,0,0.2,TRUE,-,S18a Tab S5,litter albedo,LPJmL4 default,,albedo
BoNE,ALBEDO_LITTER_BoNE,0.1,0,0.2,TRUE,-,S18a Tab S5,litter albedo,LPJmL4 default,,albedo
BoNS,ALBEDO_LITTER_BoNS,0.01,0,0.2,TRUE,-,S18a Tab S5,litter albedo,LPJmL4 default,,albedo
PoH,ALBEDO_LITTER_PoH,0.1,0,0.2,TRUE,-,S18a Tab S5,litter albedo,LPJmL4 default,,albedo
TeBE,ALBEDO_LITTER_TeBE,0.1,0,0.2,TRUE,-,S18a Tab S5,litter albedo,LPJmL4 default,,albedo
TeBS,ALBEDO_LITTER_TeBS,0.1,0,0.2,TRUE,-,S18a Tab S5,litter albedo,LPJmL4 default,,albedo
TeH,ALBEDO_LITTER_TeH,0.1,0,0.2,TRUE,-,S18a Tab S5,litter albedo,LPJmL4 default,,albedo
TeNE,ALBEDO_LITTER_TeNE,0.1,0,0.2,TRUE,-,S18a Tab S5,litter albedo,LPJmL4 default,,albedo
TrBE,ALBEDO_LITTER_TrBE,0.1,0,0.2,TRUE,-,S18a Tab S5,litter albedo,LPJmL4 default,,albedo
TrBR,ALBEDO_LITTER_TrBR,0.06,0,0.2,TRUE,-,S18a Tab S5,litter albedo,LPJmL4 default,,albedo
TrH,ALBEDO_LITTER_TrH,0.1,0,0.2,TRUE,-,S18a Tab S5,litter albedo,LPJmL4 default,,albedo
BoBS,ALBEDO_STEM_BoBS,0.1,0.01,0.15,TRUE,-,S18a Tab S5,stem albedo,LPJmL4 default,,albedo
BoNE,ALBEDO_STEM_BoNE,0.1,0.01,0.15,TRUE,-,S18a Tab S5,stem albedo,LPJmL4 default,,albedo
BoNS,ALBEDO_STEM_BoNS,0.05,0.01,0.15,TRUE,-,S18a Tab S5,stem albedo,LPJmL4 default,,albedo
PoH,ALBEDO_STEM_PoH,999,998,1000,TRUE,-,S18a Tab S5,stem albedo,LPJmL4 default,,albedo
TeBE,ALBEDO_STEM_TeBE,0.04,0.01,0.15,TRUE,-,S18a Tab S5,stem albedo,LPJmL4 default,,albedo
TeBS,ALBEDO_STEM_TeBS,0.04,0.01,0.15,TRUE,-,S18a Tab S5,stem albedo,LPJmL4 default,,albedo
TeH,ALBEDO_STEM_TeH,999,998,1000,TRUE,-,S18a Tab S5,stem albedo,LPJmL4 default,,albedo
TeNE,ALBEDO_STEM_TeNE,0.04,0.01,0.15,TRUE,-,S18a Tab S5,stem albedo,LPJmL4 default,,albedo
TrBE,ALBEDO_STEM_TrBE,0.1,0.01,0.15,TRUE,-,S18a Tab S5,stem albedo,LPJmL4 default,,albedo
TrBR,ALBEDO_STEM_TrBR,0.07,0.01,0.15,TRUE,-,S18a Tab S5,stem albedo,LPJmL4 default,,albedo
TrH,ALBEDO_STEM_TrH,999,998,1000,TRUE,-,S18a Tab S5,stem albedo,LPJmL4 default,,albedo
BoBS,ALLOM1_BoBS,100,50,150,TRUE,-,S18a Tab S6,Parameter for allometric relation ship Eq. 50,LPJmL4 default,TRUE,allometry
BoNE,ALLOM1_BoNE,100,50,150,TRUE,-,S18a Tab S6,Parameter for allometric relation ship Eq. 50,LPJmL4 default,TRUE,allometry
BoNS,ALLOM1_BoNS,100,50,150,TRUE,-,S18a Tab S6,Parameter for allometric relation ship Eq. 50,LPJmL4 default,TRUE,allometry
TeBE,ALLOM1_TeBE,100,50,150,TRUE,-,S18a Tab S6,Parameter for allometric relation ship Eq. 50,LPJmL4 default,TRUE,allometry
TeBS,ALLOM1_TeBS,100,50,150,TRUE,-,S18a Tab S6,Parameter for allometric relation ship Eq. 50,LPJmL4 default,TRUE,allometry
TeNE,ALLOM1_TeNE,100,50,150,TRUE,-,S18a Tab S6,Parameter for allometric relation ship Eq. 50,LPJmL4 default,TRUE,allometry
TrBE,ALLOM1_TrBE,100,50,150,TRUE,-,S18a Tab S6,Parameter for allometric relation ship Eq. 50,LPJmL4 default,TRUE,allometry
TrBR,ALLOM1_TrBR,100,50,150,TRUE,-,S18a Tab S6,Parameter for allometric relation ship Eq. 50,LPJmL4 default,TRUE,allometry
BoBS,ALLOM2_BoBS,40,20,60,TRUE,-,S18a Tab S6,Parameter for allometric relation ship Eq. 49,LPJmL4 default,TRUE,allometry
BoNE,ALLOM2_BoNE,40,20,60,TRUE,-,S18a Tab S6,Parameter for allometric relation ship Eq. 49,LPJmL4 default,TRUE,allometry
BoNS,ALLOM2_BoNS,40,20,60,TRUE,-,S18a Tab S6,Parameter for allometric relation ship Eq. 49,LPJmL4 default,TRUE,allometry
TeBE,ALLOM2_TeBE,40,20,60,TRUE,-,S18a Tab S6,Parameter for allometric relation ship Eq. 49,LPJmL4 default,TRUE,allometry
TeBS,ALLOM2_TeBS,40,20,60,TRUE,-,S18a Tab S6,Parameter for allometric relation ship Eq. 49,LPJmL4 default,TRUE,allometry
TeNE,ALLOM2_TeNE,40,20,60,TRUE,-,S18a Tab S6,Parameter for allometric relation ship Eq. 49,LPJmL4 default,TRUE,allometry
TrBE,ALLOM2_TrBE,40,20,60,TRUE,-,S18a Tab S6,Parameter for allometric relation ship Eq. 49,LPJmL4 default,TRUE,allometry
TrBR,ALLOM2_TrBR,40,20,60,TRUE,-,S18a Tab S6,Parameter for allometric relation ship Eq. 49,LPJmL4 default,TRUE,allometry
BoBS,ALLOM3_BoBS,0.67,0.335,1.005,TRUE,-,S18a Tab S6,Parameter for allometric relation ship Eq. 49,LPJmL4 default,TRUE,allometry
BoNE,ALLOM3_BoNE,0.67,0.335,1.005,TRUE,-,S18a Tab S6,Parameter for allometric relation ship Eq. 49,LPJmL4 default,TRUE,allometry
BoNS,ALLOM3_BoNS,0.67,0.335,1.005,TRUE,-,S18a Tab S6,Parameter for allometric relation ship Eq. 49,LPJmL4 default,TRUE,allometry
TeBE,ALLOM3_TeBE,0.67,0.335,1.005,TRUE,-,S18a Tab S6,Parameter for allometric relation ship Eq. 49,LPJmL4 default,TRUE,allometry
TeBS,ALLOM3_TeBS,0.67,0.335,1.005,TRUE,-,S18a Tab S6,Parameter for allometric relation ship Eq. 49,LPJmL4 default,TRUE,allometry
TeNE,ALLOM3_TeNE,0.67,0.335,1.005,TRUE,-,S18a Tab S6,Parameter for allometric relation ship Eq. 49,LPJmL4 default,TRUE,allometry
TrBE,ALLOM3_TrBE,0.67,0.335,1.005,TRUE,-,S18a Tab S6,Parameter for allometric relation ship Eq. 49,LPJmL4 default,TRUE,allometry
TrBR,ALLOM3_TrBR,0.67,0.335,1.005,TRUE,-,S18a Tab S6,Parameter for allometric relation ship Eq. 49,LPJmL4 default,TRUE,allometry
BoBS,ALLOM4_BoBS,0.3,0.15,0.45,TRUE,NA,unused,unused,LPJmL4 default,,allometry
BoNE,ALLOM4_BoNE,0.3,0.15,0.45,TRUE,NA,unused,unused,LPJmL4 default,,allometry
BoNS,ALLOM4_BoNS,0.3,0.15,0.45,TRUE,NA,unused,unused,LPJmL4 default,,allometry
TeBE,ALLOM4_TeBE,0.3,0.15,0.45,TRUE,NA,unused,unused,LPJmL4 default,,allometry
TeBS,ALLOM4_TeBS,0.3,0.15,0.45,TRUE,NA,unused,unused,LPJmL4 default,,allometry
TeNE,ALLOM4_TeNE,0.3,0.15,0.45,TRUE,NA,unused,unused,LPJmL4 default,,allometry
TrBE,ALLOM4_TrBE,0.3,0.15,0.45,TRUE,NA,unused,unused,LPJmL4 default,,allometry
TrBR,ALLOM4_TrBR,0.3,0.15,0.45,TRUE,NA,unused,unused,LPJmL4 default,,allometry
BoBS,ALPHA_FUELP_BoBS,6,1,50,TRUE,-,Drueke et al.,scaling factor fire danger index,LPJmL4 default,,fire danger
BoNE,ALPHA_FUELP_BoNE,6,1,50,TRUE,-,Drueke et al.,scaling factor fire danger index,LPJmL4 default,,fire danger
BoNS,ALPHA_FUELP_BoNS,6,1,50,TRUE,-,Drueke et al.,scaling factor fire danger index,LPJmL4 default,,fire danger
PoH,ALPHA_FUELP_PoH,6,1,50,TRUE,-,Drueke et al.,scaling factor fire danger index,LPJmL4 default,,fire danger
TeBE,ALPHA_FUELP_TeBE,6,1,50,TRUE,-,Drueke et al.,scaling factor fire danger index,LPJmL4 default,,fire danger
TeBS,ALPHA_FUELP_TeBS,6,1,50,TRUE,-,Drueke et al.,scaling factor fire danger index,LPJmL4 default,,fire danger
TeH,ALPHA_FUELP_TeH,6,1,50,TRUE,-,Drueke et al.,scaling factor fire danger index,LPJmL4 default,,fire danger
TeNE,ALPHA_FUELP_TeNE,6,1,50,TRUE,-,Drueke et al.,scaling factor fire danger index,LPJmL4 default,,fire danger
TrBE,ALPHA_FUELP_TrBE,6,1,60,TRUE,-,Drueke et al.,scaling factor fire danger index,LPJmL4 default,,fire danger
TrBR,ALPHA_FUELP_TrBR,6,1,60,TRUE,-,Drueke et al.,scaling factor fire danger index,LPJmL4 default,,fire danger
TrH,ALPHA_FUELP_TrH,6,1,60,TRUE,-,Drueke et al.,scaling factor fire danger index,LPJmL4 default,,fire danger
global,ALPHA_M,1.391,1.37709,1.40491,FALSE,-,Sitch et al. 2003,Priestley-Taylor coefficient,LPJmL4 default,TRUE,evapotranspiration
BoBS,ALPHAA_BoBS,0.4,0.35,0.65,TRUE,-,S18a Tab S5,"scaling factor from leaf to ecosystem level (Haxeltine and Prentice, 1996)",LPJmL4 default,TRUE,productivity
BoNE,ALPHAA_BoNE,0.4,0.35,0.65,TRUE,-,S18a Tab S5,"scaling factor from leaf to ecosystem level (Haxeltine and Prentice, 1996)",LPJmL4 default,TRUE,productivity
BoNS,ALPHAA_BoNS,0.4,0.35,0.65,TRUE,-,S18a Tab S5,"scaling factor from leaf to ecosystem level (Haxeltine and Prentice, 1996)",LPJmL4 default,TRUE,productivity
PoH,ALPHAA_PoH,0.4,0.35,0.65,TRUE,-,S18a Tab S5,"scaling factor from leaf to ecosystem level (Haxeltine and Prentice, 1996)",LPJmL4 default,TRUE,productivity
TeBE,ALPHAA_TeBE,0.4,0.35,0.65,TRUE,-,S18a Tab S5,"scaling factor from leaf to ecosystem level (Haxeltine and Prentice, 1996)",LPJmL4 default,TRUE,productivity
TeBS,ALPHAA_TeBS,0.4,0.35,0.65,TRUE,-,S18a Tab S5,"scaling factor from leaf to ecosystem level (Haxeltine and Prentice, 1996)",LPJmL4 default,TRUE,productivity
TeH,ALPHAA_TeH,0.4,0.35,0.65,TRUE,-,S18a Tab S5,"scaling factor from leaf to ecosystem level (Haxeltine and Prentice, 1996)",LPJmL4 default,TRUE,productivity
TeNE,ALPHAA_TeNE,0.4,0.35,0.65,TRUE,-,S18a Tab S5,"scaling factor from leaf to ecosystem level (Haxeltine and Prentice, 1996)",LPJmL4 default,TRUE,productivity
TrBE,ALPHAA_TrBE,0.4,0.35,0.65,TRUE,-,S18a Tab S5,"scaling factor from leaf to ecosystem level (Haxeltine and Prentice, 1996)",LPJmL4 default,TRUE,productivity
TrBR,ALPHAA_TrBR,0.4,0.35,0.65,TRUE,-,S18a Tab S5,"scaling factor from leaf to ecosystem level (Haxeltine and Prentice, 1996)",LPJmL4 default,TRUE,productivity
TrH,ALPHAA_TrH,0.4,0.35,0.65,TRUE,-,S18a Tab S5,"scaling factor from leaf to ecosystem level (Haxeltine and Prentice, 1996)",LPJmL4 default,TRUE,productivity
global,ALPHAC3,0.08,0.07,0.09,FALSE,-,S18a Tab S6,Intrinsic quantum efficiency of CO2 uptake in C3 plants,LPJmL4 default,TRUE,productivity
global,ALPHAC4,0.053,0.05,0.06,FALSE,-,S18a Tab S6,Intrinsic quantum efficiency of CO2 uptake in C4 plants,LPJmL4 default,TRUE,productivity
global,ATMFRAC,0.7,0.5,0.9,FALSE,, Zaehle et al. 2005,,LPJmL4 default,TRUE,respiration
global,BC3,0.015,0.012,0.018,FALSE,day-1,S18a Tab S6,leaf respiration as fraction of Vmax for C3 plants,LPJmL4 default,,respiration
global,BC4,0.035,0.028,0.042,FALSE,day-1,S18a Tab S6,leaf respiration as fraction of Vmax for C4 plants,LPJmL4 default,,respiration
BoBS,BETA_ROOT_BoBS,0.943,0.7544,1.1316,TRUE,-,S18a Tab S8,root distribution slope parameter for water availability,LPJmL4 default,,water availability
BoNE,BETA_ROOT_BoNE,0.943,0.7544,1.1316,TRUE,-,S18a Tab S8,root distribution slope parameter for water availability,LPJmL4 default,,water availability
BoNS,BETA_ROOT_BoNS,0.943,0.7544,1.1316,TRUE,-,S18a Tab S8,root distribution slope parameter for water availability,LPJmL4 default,,water availability
PoH,BETA_ROOT_PoH,0.943,0.7544,1.1316,TRUE,-,S18a Tab S8,root distribution slope parameter for water availability,LPJmL4 default,,water availability
TeBE,BETA_ROOT_TeBE,0.964,0.7712,1.1568,TRUE,-,S18a Tab S8,root distribution slope parameter for water availability,LPJmL4 default,,water availability
TeBS,BETA_ROOT_TeBS,0.966,0.7728,1.1592,TRUE,-,S18a Tab S8,root distribution slope parameter for water availability,LPJmL4 default,,water availability
TeH,BETA_ROOT_TeH,0.943,0.7544,1.1316,TRUE,-,S18a Tab S8,root distribution slope parameter for water availability,LPJmL4 default,,water availability
TeNE,BETA_ROOT_TeNE,0.976,0.7808,1.1712,TRUE,-,S18a Tab S8,root distribution slope parameter for water availability,LPJmL4 default,,water availability
TrBE,BETA_ROOT_TrBE,0.962,0.7696,1.1544,TRUE,-,S18a Tab S8,root distribution slope parameter for water availability,LPJmL4 default,,water availability
TrBR,BETA_ROOT_TrBR,0.961,0.7688,1.1532,TRUE,-,S18a Tab S8,root distribution slope parameter for water availability,LPJmL4 default,,water availability
TrH,BETA_ROOT_TrH,0.972,0.7776,1.1664,TRUE,-,S18a Tab S8,root distribution slope parameter for water availability,LPJmL4 default,,water availability
BoBS,CROWN_MORT_RCK_BoBS,1,0,1,TRUE,-,S18a Tab S9,resistance factor for crown damage,LPJmL4 default,,fire mortality
BoNE,CROWN_MORT_RCK_BoNE,1,0,1,TRUE,-,S18a Tab S9,resistance factor for crown damage,LPJmL4 default,,fire mortality
BoNS,CROWN_MORT_RCK_BoNS,1,0,1,TRUE,-,S18a Tab S9,resistance factor for crown damage,LPJmL4 default,,fire mortality
TeBE,CROWN_MORT_RCK_TeBE,0.95,0,1,TRUE,-,S18a Tab S9,resistance factor for crown damage,LPJmL4 default,,fire mortality
TeBS,CROWN_MORT_RCK_TeBS,1,0,1,TRUE,-,S18a Tab S9,resistance factor for crown damage,LPJmL4 default,,fire mortality
TeNE,CROWN_MORT_RCK_TeNE,1,0,1,TRUE,-,S18a Tab S9,resistance factor for crown damage,LPJmL4 default,,fire mortality
TrBE,CROWN_MORT_RCK_TrBE,1,0.5,1,TRUE,-,S18a Tab S9,resistance factor for crown damage,LPJmL4 default,,fire mortality
TrBR,CROWN_MORT_RCK_TrBR,0.05,0,0.5,TRUE,-,S18a Tab S9,resistance factor for crown damage,LPJmL4 default,,fire mortality
BoBS,CROWNAREA_MAX_BoBS,15,10,30,TRUE,m2,(S18a Tab S13),maximum crown area,LPJmL4 default,TRUE,allometry
BoNE,CROWNAREA_MAX_BoNE,15,10,30,TRUE,m2,(S18a Tab S13),maximum crown area,LPJmL4 default,TRUE,allometry
BoNS,CROWNAREA_MAX_BoNS,15,10,30,TRUE,m2,(S18a Tab S13),maximum crown area,LPJmL4 default,TRUE,allometry
TeBE,CROWNAREA_MAX_TeBE,15,10,30,TRUE,m2,(S18a Tab S13),maximum crown area,LPJmL4 default,TRUE,allometry
TeBS,CROWNAREA_MAX_TeBS,15,10,30,TRUE,m2,(S18a Tab S13),maximum crown area,LPJmL4 default,TRUE,allometry
TeNE,CROWNAREA_MAX_TeNE,15,10,30,TRUE,m2,(S18a Tab S13),maximum crown area,LPJmL4 default,TRUE,allometry
TrBE,CROWNAREA_MAX_TrBE,15,10,30,TRUE,m2,(S18a Tab S13),maximum crown area,LPJmL4 default,TRUE,allometry
TrBR,CROWNAREA_MAX_TrBR,12,8,30,TRUE,m2,(S18a Tab S13),maximum crown area,LPJmL4 default,TRUE,allometry
global,E0,308.56,273,325,FALSE,K,NA,Activation energy for respiration ,LPJmL4 default,TRUE,respiration
BoBS,EMAX_BoBS,5,2.5,7.5,TRUE,mm day-1,S18a SI p26,Maximum water transport capacity,LPJmL4 default,TRUE,evapotranspiration
BoNE,EMAX_BoNE,5,2.5,7.5,TRUE,mm day-1,S18a SI p26,Maximum water transport capacity,LPJmL4 default,TRUE,evapotranspiration
BoNS,EMAX_BoNS,5,2.5,7.5,TRUE,mm day-1,S18a SI p26,Maximum water transport capacity,LPJmL4 default,TRUE,evapotranspiration
PoH,EMAX_PoH,5,2.5,7.5,TRUE,mm day-1,S18a SI p26,Maximum water transport capacity,LPJmL4 default,TRUE,evapotranspiration
TeBE,EMAX_TeBE,5,2.5,7.5,TRUE,mm day-1,S18a SI p26,Maximum water transport capacity,LPJmL4 default,TRUE,evapotranspiration
TeBS,EMAX_TeBS,5,2.5,7.5,TRUE,mm day-1,S18a SI p26,Maximum water transport capacity,LPJmL4 default,TRUE,evapotranspiration
TeH,EMAX_TeH,5,2.5,7.5,TRUE,mm day-1,S18a SI p26,Maximum water transport capacity,LPJmL4 default,TRUE,evapotranspiration
TeNE,EMAX_TeNE,5,2.5,7.5,TRUE,mm day-1,S18a SI p26,Maximum water transport capacity,LPJmL4 default,TRUE,evapotranspiration
TrBE,EMAX_TrBE,7,3.5,10.5,TRUE,mm day-1,S18a SI p26,Maximum water transport capacity,LPJmL4 default,TRUE,evapotranspiration
TrBR,EMAX_TrBR,7,3.5,10.5,TRUE,mm day-1,S18a SI p26,Maximum water transport capacity,LPJmL4 default,TRUE,evapotranspiration
TrH,EMAX_TrH,7,3.5,10.5,TRUE,mm day-1,S18a SI p26,Maximum water transport capacity,LPJmL4 default,TRUE,evapotranspiration
BoBS,GDD5MIN_BoBS,350,100,2000,TRUE,°C,S18a Tab S4,Minimum number of growing degree days for establishment,LPJmL4 default,,bioclimatic limits
BoNE,GDD5MIN_BoNE,600,100,1000,TRUE,°C,S18a Tab S4,Minimum number of growing degree days for establishment,LPJmL4 default,,bioclimatic limits
BoNS,GDD5MIN_BoNS,350,100,1000,TRUE,°C,S18a Tab S4,Minimum number of growing degree days for establishment,LPJmL4 default,,bioclimatic limits
PoH,GDD5MIN_PoH,1,0.1,500,TRUE,°C,S18a Tab S4,Minimum number of growing degree days for establishment,LPJmL4 default,,bioclimatic limits
TeBE,GDD5MIN_TeBE,1200,100,4000,TRUE,°C,S18a Tab S4,Minimum number of growing degree days for establishment,LPJmL4 default,,bioclimatic limits
TeBS,GDD5MIN_TeBS,1200,100,4000,TRUE,°C,S18a Tab S4,Minimum number of growing degree days for establishment,LPJmL4 default,,bioclimatic limits
TeH,GDD5MIN_TeH,1,0.1,2000,TRUE,°C,S18a Tab S4,Minimum number of growing degree days for establishment,LPJmL4 default,,bioclimatic limits
TeNE,GDD5MIN_TeNE,900,100,4000,TRUE,°C,S18a Tab S4,Minimum number of growing degree days for establishment,LPJmL4 default,,bioclimatic limits
TrBE,GDD5MIN_TrBE,1,0.1,6000,TRUE,°C,S18a Tab S4,Minimum number of growing degree days for establishment,LPJmL4 default,,bioclimatic limits
TrBR,GDD5MIN_TrBR,1,0.1,6000,TRUE,°C,S18a Tab S4,Minimum number of growing degree days for establishment,LPJmL4 default,,bioclimatic limits
TrH,GDD5MIN_TrH,1,0.1,6000,TRUE,°C,S18a Tab S4,Minimum number of growing degree days for establishment,LPJmL4 default,,bioclimatic limits
global,GMAX,3.26,2.282,4.238,FALSE,-,S18a SI p26,maximum canopy conductance analogue (gm),LPJmL4 default,TRUE,evapotranspiration
BoBS,GMIN_BoBS,0.5,0.35,0.65,TRUE,mm s-1,S18a Tab S8,minimum canopy conductance,LPJmL4 default,TRUE,evapotranspiration
BoNE,GMIN_BoNE,0.3,0.21,0.39,TRUE,mm s-2,S18a Tab S9,minimum canopy conductance,LPJmL4 default,TRUE,evapotranspiration
BoNS,GMIN_BoNS,0.5,0.35,0.65,TRUE,mm s-3,S18a Tab S10,minimum canopy conductance,LPJmL4 default,TRUE,evapotranspiration
PoH,GMIN_PoH,0.5,0.35,0.65,TRUE,mm s-4,S18a Tab S11,minimum canopy conductance,LPJmL4 default,TRUE,evapotranspiration
TeBE,GMIN_TeBE,0.5,0.35,0.65,TRUE,mm s-5,S18a Tab S12,minimum canopy conductance,LPJmL4 default,TRUE,evapotranspiration
TeBS,GMIN_TeBS,0.5,0.35,0.65,TRUE,mm s-6,S18a Tab S13,minimum canopy conductance,LPJmL4 default,TRUE,evapotranspiration
TeH,GMIN_TeH,0.5,0.35,0.65,TRUE,mm s-7,S18a Tab S14,minimum canopy conductance,LPJmL4 default,TRUE,evapotranspiration
TeNE,GMIN_TeNE,0.5,0.35,0.65,TRUE,mm s-8,S18a Tab S15,minimum canopy conductance,LPJmL4 default,TRUE,evapotranspiration
TrBE,GMIN_TrBE,0.5,0.35,0.65,TRUE,mm s-9,S18a Tab S16,minimum canopy conductance,LPJmL4 default,TRUE,evapotranspiration
TrBR,GMIN_TrBR,0.5,0.35,0.65,TRUE,mm s-10,S18a Tab S17,minimum canopy conductance,LPJmL4 default,TRUE,evapotranspiration
TrH,GMIN_TrH,0.5,0.35,0.65,TRUE,mm s-11,S18a Tab S18,minimum canopy conductance,LPJmL4 default,TRUE,evapotranspiration
BoBS,INTC_BoBS,0.06,0.01,0.3,TRUE,-,S18a SI p26,interception storage parameter,LPJmL4 default,TRUE,evapotranspiration
BoNE,INTC_BoNE,0.06,0.01,0.3,TRUE,-,S18a SI p26,interception storage parameter,LPJmL4 default,TRUE,evapotranspiration
BoNS,INTC_BoNS,0.06,0.01,0.3,TRUE,-,S18a SI p26,interception storage parameter,LPJmL4 default,TRUE,evapotranspiration
PoH,INTC_PoH,0.01,0.01,0.3,TRUE,-,S18a SI p26,interception storage parameter,LPJmL4 default,TRUE,evapotranspiration
TeBE,INTC_TeBE,0.02,0.01,0.3,TRUE,-,S18a SI p26,interception storage parameter,LPJmL4 default,TRUE,evapotranspiration
TeBS,INTC_TeBS,0.02,0.01,0.3,TRUE,-,S18a SI p26,interception storage parameter,LPJmL4 default,TRUE,evapotranspiration
TeH,INTC_TeH,0.01,0.01,0.3,TRUE,-,S18a SI p26,interception storage parameter,LPJmL4 default,TRUE,evapotranspiration
TeNE,INTC_TeNE,0.02,0.01,0.3,TRUE,-,S18a SI p26,interception storage parameter,LPJmL4 default,TRUE,evapotranspiration
TrBE,INTC_TrBE,0.02,0.01,0.3,TRUE,-,S18a SI p26,interception storage parameter,LPJmL4 default,TRUE,evapotranspiration
TrBR,INTC_TrBR,0.02,0.01,0.3,TRUE,-,S18a SI p26,interception storage parameter,LPJmL4 default,TRUE,evapotranspiration
TrH,INTC_TrH,0.01,0.01,0.3,TRUE,-,S18a SI p26,interception storage parameter,LPJmL4 default,TRUE,evapotranspiration
BoBS,K_EST_BoBS,0.12,0.012,0.228,TRUE,saplings m-2,S18a Tab S6,establishment rate,LPJmL4 default,TRUE,establishment
BoNE,K_EST_BoNE,0.12,0.012,0.228,TRUE,saplings m-2,S18a Tab S6,establishment rate,LPJmL4 default,TRUE,establishment
BoNS,K_EST_BoNS,0.12,0.012,0.228,TRUE,saplings m-2,S18a Tab S6,establishment rate,LPJmL4 default,TRUE,establishment
TeBE,K_EST_TeBE,0.12,0.012,0.228,TRUE,saplings m-2,S18a Tab S6,establishment rate,LPJmL4 default,TRUE,establishment
TeBS,K_EST_TeBS,0.12,0.012,0.228,TRUE,saplings m-2,S18a Tab S6,establishment rate,LPJmL4 default,TRUE,establishment
TeNE,K_EST_TeNE,0.12,0.012,0.228,TRUE,saplings m-2,S18a Tab S6,establishment rate,LPJmL4 default,TRUE,establishment
TrBE,K_EST_TrBE,0.12,0.012,0.228,TRUE,saplings m-2,S18a Tab S6,establishment rate,LPJmL4 default,TRUE,establishment
TrBR,K_EST_TrBR,0.12,0.012,0.228,TRUE,saplings m-2,S18a Tab S6,establishment rate,LPJmL4 default,TRUE,establishment
BoBS,K_LATOSA_BoBS,4000,2000,6000,TRUE,-,S18a Tab S6,leaf area to sapwood area,LPJmL4 default,TRUE,allometry
BoNE,K_LATOSA_BoNE,4000,2000,6000,TRUE,-,S18a Tab S6,leaf area to sapwood area,LPJmL4 default,TRUE,allometry
BoNS,K_LATOSA_BoNS,4000,2000,6000,TRUE,-,S18a Tab S6,leaf area to sapwood area,LPJmL4 default,TRUE,allometry
TeBE,K_LATOSA_TeBE,4000,2000,6000,TRUE,-,S18a Tab S6,leaf area to sapwood area,LPJmL4 default,TRUE,allometry
TeBS,K_LATOSA_TeBS,4000,2000,6000,TRUE,-,S18a Tab S6,leaf area to sapwood area,LPJmL4 default,TRUE,allometry
TeNE,K_LATOSA_TeNE,4000,2000,6000,TRUE,-,S18a Tab S6,leaf area to sapwood area,LPJmL4 default,TRUE,allometry
TrBE,K_LATOSA_TrBE,4000,2000,6000,TRUE,-,S18a Tab S6,leaf area to sapwood area,LPJmL4 default,TRUE,allometry
TrBR,K_LATOSA_TrBR,4000,2000,6000,TRUE,-,S18a Tab S6,leaf area to sapwood area,LPJmL4 default,TRUE,allometry
global,K_ROOT10_LITTER,0.3,0.15,0.45,FALSE,a-1,S18a Tab S6,mean residence time of roots in litter,LPJmL4 default,,decomposition
BoBS,K_LITTER10_LEAF_BoBS,0.94,0.47,1.41,TRUE,a-1,S18a Tab S7,leaf litter turnover rate,LPJmL4 default,,turnover
BoNE,K_LITTER10_LEAF_BoNE,0.76,0.38,1.14,TRUE,a-1,S18a Tab S7,leaf litter turnover rate,LPJmL4 default,,turnover
BoNS,K_LITTER10_LEAF_BoNS,0.76,0.38,1.14,TRUE,a-1,S18a Tab S7,leaf litter turnover rate,LPJmL4 default,,turnover
PoH,K_LITTER10_LEAF_PoH,1.2,0.6,1.8,TRUE,a-1,S18a Tab S7,leaf litter turnover rate,LPJmL4 default,,turnover
TeBE,K_LITTER10_LEAF_TeBE,0.86,0.43,1.29,TRUE,a-1,S18a Tab S7,leaf litter turnover rate,LPJmL4 default,,turnover
TeBS,K_LITTER10_LEAF_TeBS,0.95,0.475,1.425,TRUE,a-1,S18a Tab S7,leaf litter turnover rate,LPJmL4 default,,turnover
TeH,K_LITTER10_LEAF_TeH,1.2,0.6,1.8,TRUE,a-1,S18a Tab S7,leaf litter turnover rate,LPJmL4 default,,turnover
TeNE,K_LITTER10_LEAF_TeNE,0.7,0.35,1.05,TRUE,a-1,S18a Tab S7,leaf litter turnover rate,LPJmL4 default,,turnover
TrBE,K_LITTER10_LEAF_TrBE,0.93,0.465,1.395,TRUE,a-1,S18a Tab S7,leaf litter turnover rate,LPJmL4 default,,turnover
TrBR,K_LITTER10_LEAF_TrBR,1.17,0.585,1.755,TRUE,a-1,S18a Tab S7,leaf litter turnover rate,LPJmL4 default,,turnover
TrH,K_LITTER10_LEAF_TrH,0.97,0.485,1.455,TRUE,a-1,S18a Tab S7,leaf litter turnover rate,LPJmL4 default,,turnover
BoBS,K_LITTER10_WOOD_BoBS,0.104,0.052,0.156,TRUE,a-1,S18a Tab S7,woody litter turnover rate,LPJmL4 default,,turnover
BoNE,K_LITTER10_WOOD_BoNE,0.041,0.0205,0.0615,TRUE,a-1,S18a Tab S7,woody litter turnover rate,LPJmL4 default,,turnover
BoNS,K_LITTER10_WOOD_BoNS,0.041,0.0205,0.0615,TRUE,a-1,S18a Tab S7,woody litter turnover rate,LPJmL4 default,,turnover
PoH,K_LITTER10_WOOD_PoH,999,998,1000,TRUE,a-1,S18a Tab S7,woody litter turnover rate,LPJmL4 default,,turnover
TeBE,K_LITTER10_WOOD_TeBE,0.104,0.052,0.156,TRUE,a-1,S18a Tab S7,woody litter turnover rate,LPJmL4 default,,turnover
TeBS,K_LITTER10_WOOD_TeBS,0.104,0.052,0.156,TRUE,a-1,S18a Tab S7,woody litter turnover rate,LPJmL4 default,,turnover
TeH,K_LITTER10_WOOD_TeH,999,998,1000,TRUE,a-1,S18a Tab S7,woody litter turnover rate,LPJmL4 default,,turnover
TeNE,K_LITTER10_WOOD_TeNE,0.041,0.0205,0.0615,TRUE,a-1,S18a Tab S7,woody litter turnover rate,LPJmL4 default,,turnover
TrBE,K_LITTER10_WOOD_TrBE,0.039,0.0195,0.0585,TRUE,a-1,S18a Tab S7,woody litter turnover rate,LPJmL4 default,,turnover
TrBR,K_LITTER10_WOOD_TrBR,0.039,0.0195,0.0585,TRUE,a-1,S18a Tab S7,woody litter turnover rate,LPJmL4 default,,turnover
TrH,K_LITTER10_WOOD_TrH,999,998,1000,TRUE,a-1,S18a Tab S7,woody litter turnover rate,LPJmL4 default,,turnover
global,K_MORT,0.2,0.05,0.35,FALSE,-,S18a Tab S6,coefficient of growth efficiency for mortality,LPJmL4 default,TRUE,mortality
global,K_ROOT10_FASTSOIL,0.03,0.015,0.045,FALSE,a-1,S18a Tab S6,mean residence time of roots in fast soil carbon pool,LPJmL4 default,,decomposition
global,K_ROOT10_SLOWSOIL,0.001,0.0005,0.0015,FALSE,a-1,S18a Tab S6,mean residence time of roots in slow soil carbon pool,LPJmL4 default,,decomposition
BoBS,LIGHT_BASE_BoBS,59.78,29.89,89.67,TRUE,W m-2,F14 Tab S5,inflection point of light-limiting function,LPJmL4 default,,phenology
BoNE,LIGHT_BASE_BoNE,3.04,1.52,4.56,TRUE,W m-2,F14 Tab S5,inflection point of light-limiting function,LPJmL4 default,,phenology
BoNS,LIGHT_BASE_BoNS,130.1,65.05,195.15,TRUE,W m-2,F14 Tab S5,inflection point of light-limiting function,LPJmL4 default,,phenology
PoH,LIGHT_BASE_PoH,50,25,75,TRUE,W m-2,F14 Tab S5,inflection point of light-limiting function,LPJmL4 default,,phenology
TeBE,LIGHT_BASE_TeBE,39.32,19.66,58.98,TRUE,W m-2,F14 Tab S5,inflection point of light-limiting function,LPJmL4 default,,phenology
TeBS,LIGHT_BASE_TeBS,59.78,29.89,89.67,TRUE,W m-2,F14 Tab S5,inflection point of light-limiting function,LPJmL4 default,,phenology
TeH,LIGHT_BASE_TeH,75.94,37.97,113.91,TRUE,W m-2,F14 Tab S5,inflection point of light-limiting function,LPJmL4 default,,phenology
TeNE,LIGHT_BASE_TeNE,4.872,2.436,7.308,TRUE,W m-2,F14 Tab S5,inflection point of light-limiting function,LPJmL4 default,,phenology
TrBE,LIGHT_BASE_TrBE,55.53,27.765,83.295,TRUE,W m-2,F14 Tab S5,inflection point of light-limiting function,LPJmL4 default,,phenology
TrBR,LIGHT_BASE_TrBR,13.01,6.505,19.515,TRUE,W m-2,F14 Tab S5,inflection point of light-limiting function,LPJmL4 default,,phenology
TrH,LIGHT_BASE_TrH,69.9,34.95,104.85,TRUE,W m-2,F14 Tab S5,inflection point of light-limiting function,LPJmL4 default,,phenology
BoBS,LIGHT_SLOPE_BoBS,58,29,87,TRUE,1/(W m2),F14 Tab S5,Slope of light-limiting function,LPJmL4 default,,phenology
BoNE,LIGHT_SLOPE_BoNE,14,7,21,TRUE,1/(W m2),F14 Tab S5,Slope of light-limiting function,LPJmL4 default,,phenology
BoNS,LIGHT_SLOPE_BoNS,95,47.5,142.5,TRUE,1/(W m2),F14 Tab S5,Slope of light-limiting function,LPJmL4 default,,phenology
PoH,LIGHT_SLOPE_PoH,23,11.5,34.5,TRUE,1/(W m2),F14 Tab S5,Slope of light-limiting function,LPJmL4 default,,phenology
TeBE,LIGHT_SLOPE_TeBE,18.83,9.415,28.245,TRUE,1/(W m2),F14 Tab S5,Slope of light-limiting function,LPJmL4 default,,phenology
TeBS,LIGHT_SLOPE_TeBS,58,29,87,TRUE,1/(W m2),F14 Tab S5,Slope of light-limiting function,LPJmL4 default,,phenology
TeH,LIGHT_SLOPE_TeH,23,11.5,34.5,TRUE,1/(W m2),F14 Tab S5,Slope of light-limiting function,LPJmL4 default,,phenology
TeNE,LIGHT_SLOPE_TeNE,20,10,30,TRUE,1/(W m2),F14 Tab S5,Slope of light-limiting function,LPJmL4 default,,phenology
TrBE,LIGHT_SLOPE_TrBE,77.17,38.585,115.755,TRUE,1/(W m2),F14 Tab S5,Slope of light-limiting function,LPJmL4 default,,phenology
TrBR,LIGHT_SLOPE_TrBR,23,11.5,34.5,TRUE,1/(W m2),F14 Tab S5,Slope of light-limiting function,LPJmL4 default,,phenology
TrH,LIGHT_SLOPE_TrH,64.23,32.115,96.345,TRUE,1/(W m2),F14 Tab S5,Slope of light-limiting function,LPJmL4 default,,phenology
BoBS,LIGHT_TAU_BoBS,0.2,0.1,0.3,TRUE,-,F14 Tab S5,Change rate of actual to previous day value,LPJmL4 default,,phenology
BoNE,LIGHT_TAU_BoNE,0.2,0.1,0.3,TRUE,-,F14 Tab S5,Change rate of actual to previous day value,LPJmL4 default,,phenology
BoNS,LIGHT_TAU_BoNS,0.2,0.1,0.3,TRUE,-,F14 Tab S5,Change rate of actual to previous day value,LPJmL4 default,,phenology
PoH,LIGHT_TAU_PoH,0.38,0.19,0.57,TRUE,-,F14 Tab S5,Change rate of actual to previous day value,LPJmL4 default,,phenology
TeBE,LIGHT_TAU_TeBE,0.2,0.1,0.3,TRUE,-,F14 Tab S5,Change rate of actual to previous day value,LPJmL4 default,,phenology
TeBS,LIGHT_TAU_TeBS,0.2,0.1,0.3,TRUE,-,F14 Tab S5,Change rate of actual to previous day value,LPJmL4 default,,phenology
TeH,LIGHT_TAU_TeH,0.22,0.11,0.33,TRUE,-,F14 Tab S5,Change rate of actual to previous day value,LPJmL4 default,,phenology
TeNE,LIGHT_TAU_TeNE,0.2,0.1,0.3,TRUE,-,F14 Tab S5,Change rate of actual to previous day value,LPJmL4 default,,phenology
TrBE,LIGHT_TAU_TrBE,0.52,0.26,0.78,TRUE,-,F14 Tab S5,Change rate of actual to previous day value,LPJmL4 default,,phenology
TrBR,LIGHT_TAU_TrBR,0.2,0.1,0.3,TRUE,-,F14 Tab S5,Change rate of actual to previous day value,LPJmL4 default,,phenology
TrH,LIGHT_TAU_TrH,0.4,0.2,0.6,TRUE,-,F14 Tab S5,Change rate of actual to previous day value,LPJmL4 default,,phenology
BoBS,LIGHTEXTCOEFF_BoBS,0.5,0.4,0.6,TRUE,-,S18a Tab S5,light extinction coefficient in Lambert-Beer relationship,LPJmL4 default,TRUE,albedo/FAPAR
BoNE,LIGHTEXTCOEFF_BoNE,0.5,0.4,0.6,TRUE,-,S18a Tab S5,light extinction coefficient in Lambert-Beer relationship,LPJmL4 default,TRUE,albedo/FAPAR
BoNS,LIGHTEXTCOEFF_BoNS,0.6,0.5,0.7,TRUE,-,S18a Tab S5,light extinction coefficient in Lambert-Beer relationship,LPJmL4 default,TRUE,albedo/FAPAR
PoH,LIGHTEXTCOEFF_PoH,0.5,0.4,0.6,TRUE,-,S18a Tab S5,light extinction coefficient in Lambert-Beer relationship,LPJmL4 default,TRUE,albedo/FAPAR
TeBE,LIGHTEXTCOEFF_TeBE,0.5,0.4,0.6,TRUE,-,S18a Tab S5,light extinction coefficient in Lambert-Beer relationship,LPJmL4 default,TRUE,albedo/FAPAR
TeBS,LIGHTEXTCOEFF_TeBS,0.6,0.5,0.7,TRUE,-,S18a Tab S5,light extinction coefficient in Lambert-Beer relationship,LPJmL4 default,TRUE,albedo/FAPAR
TeH,LIGHTEXTCOEFF_TeH,0.5,0.4,0.6,TRUE,-,S18a Tab S5,light extinction coefficient in Lambert-Beer relationship,LPJmL4 default,TRUE,albedo/FAPAR
TeNE,LIGHTEXTCOEFF_TeNE,0.4,0.3,0.5,TRUE,-,S18a Tab S5,light extinction coefficient in Lambert-Beer relationship,LPJmL4 default,TRUE,albedo/FAPAR
TrBE,LIGHTEXTCOEFF_TrBE,0.5,0.4,0.6,TRUE,-,S18a Tab S5,light extinction coefficient in Lambert-Beer relationship,LPJmL4 default,TRUE,albedo/FAPAR
TrBR,LIGHTEXTCOEFF_TrBR,0.5,0.4,0.6,TRUE,-,S18a Tab S5,light extinction coefficient in Lambert-Beer relationship,LPJmL4 default,TRUE,albedo/FAPAR
TrH,LIGHTEXTCOEFF_TrH,0.4,0.3,0.5,TRUE,-,S18a Tab S5,light extinction coefficient in Lambert-Beer relationship,LPJmL4 default,TRUE,albedo/FAPAR
BoBS,LONGEVITY_BoBS,0.5,0.25,0.75,TRUE,a,S18a Tab S8,leaf longevity,LPJmL4 default,TRUE,turnover
BoNE,LONGEVITY_BoNE,4,2,6,TRUE,a,S18a Tab S8,leaf longevity,LPJmL4 default,TRUE,turnover
BoNS,LONGEVITY_BoNS,0.65,0.325,0.975,TRUE,a,S18a Tab S8,leaf longevity,LPJmL4 default,TRUE,turnover
PoH,LONGEVITY_PoH,0.35,0.175,0.525,TRUE,a,S18a Tab S8,leaf longevity,LPJmL4 default,TRUE,turnover
TeBE,LONGEVITY_TeBE,1.6,0.8,2.4,TRUE,a,S18a Tab S8,leaf longevity,LPJmL4 default,TRUE,turnover
TeBS,LONGEVITY_TeBS,0.45,0.225,0.675,TRUE,a,S18a Tab S8,leaf longevity,LPJmL4 default,TRUE,turnover
TeH,LONGEVITY_TeH,0.35,0.175,0.525,TRUE,a,S18a Tab S8,leaf longevity,LPJmL4 default,TRUE,turnover
TeNE,LONGEVITY_TeNE,4,2,6,TRUE,a,S18a Tab S8,leaf longevity,LPJmL4 default,TRUE,turnover
TrBE,LONGEVITY_TrBE,1.6,0.8,2.4,TRUE,a,S18a Tab S8,leaf longevity,LPJmL4 default,TRUE,turnover
TrBR,LONGEVITY_TrBR,0.5,0.25,0.75,TRUE,a,S18a Tab S8,leaf longevity,LPJmL4 default,TRUE,turnover
TrH,LONGEVITY_TrH,0.4,0.2,0.6,TRUE,a,S18a Tab S8,leaf longevity,LPJmL4 default,TRUE,turnover
BoBS,MIN_TEMPRANGE_BoBS,-999,-1000,-998,TRUE,K,NA,Minimum temperature amplitude for survival,LPJmL4 default,,bioclimatic limits
BoNE,MIN_TEMPRANGE_BoNE,-999,-1000,-998,TRUE,K,NA,Minimum temperature amplitude for survival,LPJmL4 default,,bioclimatic limits
BoNS,MIN_TEMPRANGE_BoNS,30,25,35,TRUE,K,NA,Minimum temperature amplitude for survival,LPJmL4 default,,bioclimatic limits
PoH,MIN_TEMPRANGE_PoH,18,13,23,TRUE,K,NA,Minimum temperature amplitude for survival,LPJmL4 default,,bioclimatic limits
TeBE,MIN_TEMPRANGE_TeBE,-999,-1000,-998,TRUE,K,NA,Minimum temperature amplitude for survival,LPJmL4 default,,bioclimatic limits
TeBS,MIN_TEMPRANGE_TeBS,-999,-1000,-998,TRUE,K,NA,Minimum temperature amplitude for survival,LPJmL4 default,,bioclimatic limits
TeH,MIN_TEMPRANGE_TeH,-999,-1000,-998,TRUE,K,NA,Minimum temperature amplitude for survival,LPJmL4 default,,bioclimatic limits
TeNE,MIN_TEMPRANGE_TeNE,-999,-1000,-998,TRUE,K,NA,Minimum temperature amplitude for survival,LPJmL4 default,,bioclimatic limits
TrBE,MIN_TEMPRANGE_TrBE,-999,-1000,-998,TRUE,K,NA,Minimum temperature amplitude for survival,LPJmL4 default,,bioclimatic limits
TrBR,MIN_TEMPRANGE_TrBR,-999,-1000,-998,TRUE,K,NA,Minimum temperature amplitude for survival,LPJmL4 default,,bioclimatic limits
TrH,MIN_TEMPRANGE_TrH,-999,-1000,-998,TRUE,K,NA,Minimum temperature amplitude for survival,LPJmL4 default,,bioclimatic limits
TrBR,MINWSCAL_TrBR,0.85,0,1,TRUE,-,Sitch et al. 2003,Water avilability treshold for leaf development,LPJmL4 default,,old phenology
BoBS,MORT_MAX_BoBS,0.03,0.003,0.06,TRUE,a-1,S18a Tab S6,asymptotic maximum mortality rate,LPJmL4 default,TRUE,mortality
BoNE,MORT_MAX_BoNE,0.03,0.003,0.06,TRUE,a-1,S18a Tab S6,asymptotic maximum mortality rate,LPJmL4 default,TRUE,mortality
BoNS,MORT_MAX_BoNS,0.03,0.003,0.06,TRUE,a-1,S18a Tab S6,asymptotic maximum mortality rate,LPJmL4 default,TRUE,mortality
TeBE,MORT_MAX_TeBE,0.03,0.003,0.06,TRUE,a-1,S18a Tab S6,asymptotic maximum mortality rate,LPJmL4 default,TRUE,mortality
TeBS,MORT_MAX_TeBS,0.03,0.003,0.06,TRUE,a-1,S18a Tab S6,asymptotic maximum mortality rate,LPJmL4 default,TRUE,mortality
TeNE,MORT_MAX_TeNE,0.03,0.003,0.06,TRUE,a-1,S18a Tab S6,asymptotic maximum mortality rate,LPJmL4 default,TRUE,mortality
TrBE,MORT_MAX_TrBE,0.03,0.003,0.06,TRUE,a-1,S18a Tab S6,asymptotic maximum mortality rate,LPJmL4 default,TRUE,mortality
TrBR,MORT_MAX_TrBR,0.03,0.003,0.06,TRUE,a-1,S18a Tab S6,asymptotic maximum mortality rate,LPJmL4 default,TRUE,mortality
TrBR,MORT_MAX_TrH,0.03,0.003,0.06,TRUE,a-1,S18a Tab S6,asymptotic maximum mortality rate,LPJmL4 default,TRUE,mortality
TrBR,MORT_MAX_PoH,0.03,0.003,0.06,TRUE,a-1,S18a Tab S6,asymptotic maximum mortality rate,LPJmL4 default,TRUE,mortality
TrBR,MORT_MAX_TeH,0.03,0.003,0.06,TRUE,a-1,S18a Tab S6,asymptotic maximum mortality rate,LPJmL4 default,TRUE,mortality
BoBS,REPROD_COST_BoBS,0.1,0.05,0.2,TRUE,NA,pft.js,NA,LPJmL4 default,,NA
BoNE,REPROD_COST_BoNE,0.1,0.05,0.2,TRUE,NA,pft.js,NA,LPJmL4 default,,NA
BoNS,REPROD_COST_BoNS,0.1,0.05,0.2,TRUE,NA,pft.js,NA,LPJmL4 default,,NA
PoH,REPROD_COST_PoH,0.1,0.05,0.2,TRUE,NA,pft.js,NA,LPJmL4 default,,NA
TeBE,REPROD_COST_TeBE,0.1,0.05,0.2,TRUE,NA,pft.js,NA,LPJmL4 default,,NA
TeBS,REPROD_COST_TeBS,0.1,0.05,0.13,TRUE,NA,pft.js,NA,LPJmL4 default,,NA
TeH,REPROD_COST_TeH,0.1,0.05,0.2,TRUE,NA,pft.js,NA,LPJmL4 default,,NA
TeNE,REPROD_COST_TeNE,0.1,0.05,0.2,TRUE,NA,pft.js,NA,LPJmL4 default,,NA
TrBE,REPROD_COST_TrBE,0.1,0.05,0.2,TRUE,NA,pft.js,NA,LPJmL4 default,,NA
TrBR,REPROD_COST_TrBR,0.1,0.05,0.2,TRUE,NA,pft.js,NA,LPJmL4 default,,NA
TrH,REPROD_COST_TrH,0.1,0.05,0.2,TRUE,NA,pft.js,NA,LPJmL4 default,,NA
BoBS,RESPCOEFF_BoBS,1.2,0.6,1.8,TRUE,NA,pft.js,NA,LPJmL4 default,,NA
BoNE,RESPCOEFF_BoNE,1.2,0.6,1.8,TRUE,NA,pft.js,NA,LPJmL4 default,,NA
BoNS,RESPCOEFF_BoNS,1.2,0.6,1.8,TRUE,NA,pft.js,NA,LPJmL4 default,,NA
PoH,RESPCOEFF_PoH,1.2,0.6,1.8,TRUE,NA,pft.js,NA,LPJmL4 default,,NA
TeBE,RESPCOEFF_TeBE,1.2,0.6,1.8,TRUE,NA,pft.js,NA,LPJmL4 default,,NA
TeBS,RESPCOEFF_TeBS,1.2,0.6,1.8,TRUE,NA,pft.js,NA,LPJmL4 default,,NA
TeH,RESPCOEFF_TeH,1.2,0.6,1.8,TRUE,NA,pft.js,NA,LPJmL4 default,,NA
TeNE,RESPCOEFF_TeNE,1.2,0.6,1.8,TRUE,NA,pft.js,NA,LPJmL4 default,,NA
TrBE,RESPCOEFF_TrBE,0.2,0.1,0.3,TRUE,NA,pft.js,NA,LPJmL4 default,,NA
TrBR,RESPCOEFF_TrBR,0.2,0.1,0.3,TRUE,NA,pft.js,NA,LPJmL4 default,,NA
TrH,RESPCOEFF_TrH,0.2,0.1,0.3,TRUE,NA,pft.js,NA,LPJmL4 default,,NA
BoBS,SCORCHHEIGHT_F_BoBS,0.094,0.047,0.141,TRUE,NA,S18a Tab S9,scorch height,LPJmL4 default,,fire mortality
BoNE,SCORCHHEIGHT_F_BoNE,0.11,0.055,0.165,TRUE,NA,S18a Tab S9,scorch height,LPJmL4 default,,fire mortality
BoNS,SCORCHHEIGHT_F_BoNS,0.094,0.047,0.141,TRUE,NA,S18a Tab S9,scorch height,LPJmL4 default,,fire mortality
TeBE,SCORCHHEIGHT_F_TeBE,0.371,0.1855,0.5565,TRUE,NA,S18a Tab S9,scorch height,LPJmL4 default,,fire mortality
TeBS,SCORCHHEIGHT_F_TeBS,0.094,0.047,0.141,TRUE,NA,S18a Tab S9,scorch height,LPJmL4 default,,fire mortality
TeNE,SCORCHHEIGHT_F_TeNE,0.1,0.05,0.15,TRUE,NA,S18a Tab S9,scorch height,LPJmL4 default,,fire mortality
TrBE,SCORCHHEIGHT_F_TrBE,0.1487,0.1,0.2,TRUE,NA,S18a Tab S9,scorch height,LPJmL4 default,,fire mortality
TrBR,SCORCHHEIGHT_F_TrBR,0.061,0.04,0.08,TRUE,NA,S18a Tab S9,scorch height,LPJmL4 default,,fire mortality
BoBS,SNOWCANOPYFRAC_BoBS,0.15,0.1,0.9,TRUE,-,F14 Tab S4,Maximum fraction of snow in the green canopy,LPJmL4 default,,albedo/FAPAR
BoNE,SNOWCANOPYFRAC_BoNE,0.1,0.01,0.9,TRUE,-,F14 Tab S4,Maximum fraction of snow in the green canopy,LPJmL4 default,,albedo/FAPAR
BoNS,SNOWCANOPYFRAC_BoNS,0.15,0.1,0.9,TRUE,-,F14 Tab S4,Maximum fraction of snow in the green canopy,LPJmL4 default,,albedo/FAPAR
PoH,SNOWCANOPYFRAC_PoH,0.4,0.1,0.9,TRUE,-,F14 Tab S4,Maximum fraction of snow in the green canopy,LPJmL4 default,,albedo/FAPAR
TeBE,SNOWCANOPYFRAC_TeBE,0.4,0.1,0.9,TRUE,-,F14 Tab S4,Maximum fraction of snow in the green canopy,LPJmL4 default,,albedo/FAPAR
TeBS,SNOWCANOPYFRAC_TeBS,0.4,0.1,0.9,TRUE,-,F14 Tab S4,Maximum fraction of snow in the green canopy,LPJmL4 default,,albedo/FAPAR
TeH,SNOWCANOPYFRAC_TeH,0.4,0.1,0.9,TRUE,-,F14 Tab S4,Maximum fraction of snow in the green canopy,LPJmL4 default,,albedo/FAPAR
TeNE,SNOWCANOPYFRAC_TeNE,0.1,0.01,0.9,TRUE,-,F14 Tab S4,Maximum fraction of snow in the green canopy,LPJmL4 default,,albedo/FAPAR
TrBE,SNOWCANOPYFRAC_TrBE,0.4,0.1,0.9,TRUE,-,F14 Tab S4,Maximum fraction of snow in the green canopy,LPJmL4 default,,albedo/FAPAR
TrBR,SNOWCANOPYFRAC_TrBR,0.5,0.1,0.9,TRUE,-,F14 Tab S4,Maximum fraction of snow in the green canopy,LPJmL4 default,,albedo/FAPAR
TrH,SNOWCANOPYFRAC_TrH,0.4,0.1,0.9,TRUE,-,F14 Tab S4,Maximum fraction of snow in the green canopy,LPJmL4 default,,albedo/FAPAR
BoBS,TEMP_CO2_HIGH_BoBS,38,33,43,TRUE,°C,(S18a Tab S13),upper temperature limit for CO2,LPJmL4 default,,productivity
BoNE,TEMP_CO2_HIGH_BoNE,38,33,43,TRUE,°C,(S18a Tab S13),upper temperature limit for CO2,LPJmL4 default,,productivity
BoNS,TEMP_CO2_HIGH_BoNS,38,33,43,TRUE,°C,(S18a Tab S13),upper temperature limit for CO2,LPJmL4 default,,productivity
PoH,TEMP_CO2_HIGH_PoH,45,40,50,TRUE,°C,(S18a Tab S13),upper temperature limit for CO2,LPJmL4 default,,productivity
TeBE,TEMP_CO2_HIGH_TeBE,42,37,47,TRUE,°C,(S18a Tab S13),upper temperature limit for CO2,LPJmL4 default,,productivity
TeBS,TEMP_CO2_HIGH_TeBS,38,33,43,TRUE,°C,(S18a Tab S13),upper temperature limit for CO2,LPJmL4 default,,productivity
TeH,TEMP_CO2_HIGH_TeH,45,40,50,TRUE,°C,(S18a Tab S13),upper temperature limit for CO2,LPJmL4 default,,productivity
TeNE,TEMP_CO2_HIGH_TeNE,42,37,47,TRUE,°C,(S18a Tab S13),upper temperature limit for CO2,LPJmL4 default,,productivity
TrBE,TEMP_CO2_HIGH_TrBE,55,50,60,TRUE,°C,(S18a Tab S13),upper temperature limit for CO2,LPJmL4 default,,productivity
TrBR,TEMP_CO2_HIGH_TrBR,55,50,60,TRUE,°C,(S18a Tab S13),upper temperature limit for CO2,LPJmL4 default,,productivity
TrH,TEMP_CO2_HIGH_TrH,55,50,60,TRUE,°C,(S18a Tab S13),upper temperature limit for CO2,LPJmL4 default,,productivity
BoBS,TEMP_CO2_LOW_BoBS,-4,-9,1,TRUE,°C,(S18a Tab S13),lower temperature limit for CO2,LPJmL4 default,,productivity
BoNE,TEMP_CO2_LOW_BoNE,-4,-9,1,TRUE,°C,(S18a Tab S13),lower temperature limit for CO2,LPJmL4 default,,productivity
BoNS,TEMP_CO2_LOW_BoNS,-4,-9,1,TRUE,°C,(S18a Tab S13),lower temperature limit for CO2,LPJmL4 default,,productivity
PoH,TEMP_CO2_LOW_PoH,-4,-9,1,TRUE,°C,(S18a Tab S13),lower temperature limit for CO2,LPJmL4 default,,productivity
TeBE,TEMP_CO2_LOW_TeBE,-4,-9,1,TRUE,°C,(S18a Tab S13),lower temperature limit for CO2,LPJmL4 default,,productivity
TeBS,TEMP_CO2_LOW_TeBS,-4,-9,1,TRUE,°C,(S18a Tab S13),lower temperature limit for CO2,LPJmL4 default,,productivity
TeH,TEMP_CO2_LOW_TeH,-4,-9,1,TRUE,°C,(S18a Tab S13),lower temperature limit for CO2,LPJmL4 default,,productivity
TeNE,TEMP_CO2_LOW_TeNE,-4,-9,1,TRUE,°C,(S18a Tab S13),lower temperature limit for CO2,LPJmL4 default,,productivity
TrBE,TEMP_CO2_LOW_TrBE,2,-3,7,TRUE,°C,(S18a Tab S13),lower temperature limit for CO2,LPJmL4 default,,productivity
TrBR,TEMP_CO2_LOW_TrBR,2,-3,7,TRUE,°C,(S18a Tab S13),lower temperature limit for CO2,LPJmL4 default,,productivity
TrH,TEMP_CO2_LOW_TrH,6,1,11,TRUE,°C,(S18a Tab S13),lower temperature limit for CO2,LPJmL4 default,,productivity
BoBS,TEMP_HIGH_BoBS,-2,-17,13,TRUE,°C,S18a Tab S4,upper coldest monthly mean temperature,LPJmL4 default,,bioclimatic limits
BoNE,TEMP_HIGH_BoNE,-2,-17,13,TRUE,°C,S18a Tab S4,upper coldest monthly mean temperature,LPJmL4 default,,bioclimatic limits
BoNS,TEMP_HIGH_BoNS,-5.4,-20.4,9.6,TRUE,°C,S18a Tab S4,upper coldest monthly mean temperature,LPJmL4 default,,bioclimatic limits
PoH,TEMP_HIGH_PoH,-2.6,-17.6,12.4,TRUE,°C,S18a Tab S4,upper coldest monthly mean temperature,LPJmL4 default,,bioclimatic limits
TeBE,TEMP_HIGH_TeBE,18.8,3.8,33.8,TRUE,°C,S18a Tab S4,upper coldest monthly mean temperature,LPJmL4 default,,bioclimatic limits
TeBS,TEMP_HIGH_TeBS,15.5,0.5,30.5,TRUE,°C,S18a Tab S4,upper coldest monthly mean temperature,LPJmL4 default,,bioclimatic limits
TeH,TEMP_HIGH_TeH,15.5,0.5,30.5,TRUE,°C,S18a Tab S4,upper coldest monthly mean temperature,LPJmL4 default,,bioclimatic limits
TeNE,TEMP_HIGH_TeNE,22,7,37,TRUE,°C,S18a Tab S4,upper coldest monthly mean temperature,LPJmL4 default,,bioclimatic limits
TrBE,TEMP_HIGH_TrBE,999,998,1000,TRUE,°C,S18a Tab S4,upper coldest monthly mean temperature,LPJmL4 default,,bioclimatic limits
TrBR,TEMP_HIGH_TrBR,999,998,1000,TRUE,°C,S18a Tab S4,upper coldest monthly mean temperature,LPJmL4 default,,bioclimatic limits
TrH,TEMP_HIGH_TrH,999,998,1000,TRUE,°C,S18a Tab S4,upper coldest monthly mean temperature,LPJmL4 default,,bioclimatic limits
BoBS,TEMP_LOW_BoBS,-999,-1000,-998,TRUE,°C,S18a Tab S4,lower coldest monthly mean temperature,LPJmL4 default,,bioclimatic limits
BoNE,TEMP_LOW_BoNE,-32.5,-47.5,-17.5,TRUE,°C,S18a Tab S4,lower coldest monthly mean temperature,LPJmL4 default,,bioclimatic limits
BoNS,TEMP_LOW_BoNS,-46,-61,-31,TRUE,°C,S18a Tab S4,lower coldest monthly mean temperature,LPJmL4 default,,bioclimatic limits
PoH,TEMP_LOW_PoH,-999,-1000,-998,TRUE,°C,S18a Tab S4,lower coldest monthly mean temperature,LPJmL4 default,,bioclimatic limits
TeBE,TEMP_LOW_TeBE,3,-12,18,TRUE,°C,S18a Tab S4,lower coldest monthly mean temperature,LPJmL4 default,,bioclimatic limits
TeBS,TEMP_LOW_TeBS,-17.7,-32.7,-2.7,TRUE,°C,S18a Tab S4,lower coldest monthly mean temperature,LPJmL4 default,,bioclimatic limits
TeH,TEMP_LOW_TeH,-39,-54,-24,TRUE,°C,S18a Tab S4,lower coldest monthly mean temperature,LPJmL4 default,,bioclimatic limits
TeNE,TEMP_LOW_TeNE,-2,-17,13,TRUE,°C,S18a Tab S4,lower coldest monthly mean temperature,LPJmL4 default,,bioclimatic limits
TrBE,TEMP_LOW_TrBE,15.5,0.5,30.5,TRUE,°C,S18a Tab S4,lower coldest monthly mean temperature,LPJmL4 default,,bioclimatic limits
TrBR,TEMP_LOW_TrBR,15.5,0.5,30.5,TRUE,°C,S18a Tab S4,lower coldest monthly mean temperature,LPJmL4 default,,bioclimatic limits
TrH,TEMP_LOW_TrH,7,-8,22,TRUE,°C,S18a Tab S4,lower coldest monthly mean temperature,LPJmL4 default,,bioclimatic limits
BoBS,TEMP_PHOTOS_HIGH_BoBS,25,20,30,TRUE,°C,(S18a Tab S13),upper limit of temperature optimum for photosynthesis,LPJmL4 default,,productivity
BoNE,TEMP_PHOTOS_HIGH_BoNE,25,20,30,TRUE,°C,(S18a Tab S13),upper limit of temperature optimum for photosynthesis,LPJmL4 default,,productivity
BoNS,TEMP_PHOTOS_HIGH_BoNS,25,20,30,TRUE,°C,(S18a Tab S13),upper limit of temperature optimum for photosynthesis,LPJmL4 default,,productivity
PoH,TEMP_PHOTOS_HIGH_PoH,30,25,35,TRUE,°C,(S18a Tab S13),upper limit of temperature optimum for photosynthesis,LPJmL4 default,,productivity
TeBE,TEMP_PHOTOS_HIGH_TeBE,30,25,35,TRUE,°C,(S18a Tab S13),upper limit of temperature optimum for photosynthesis,LPJmL4 default,,productivity
TeBS,TEMP_PHOTOS_HIGH_TeBS,25,20,30,TRUE,°C,(S18a Tab S13),upper limit of temperature optimum for photosynthesis,LPJmL4 default,,productivity
TeH,TEMP_PHOTOS_HIGH_TeH,30,25,35,TRUE,°C,(S18a Tab S13),upper limit of temperature optimum for photosynthesis,LPJmL4 default,,productivity
TeNE,TEMP_PHOTOS_HIGH_TeNE,30,25,35,TRUE,°C,(S18a Tab S13),upper limit of temperature optimum for photosynthesis,LPJmL4 default,,productivity
TrBE,TEMP_PHOTOS_HIGH_TrBE,30,25,35,TRUE,°C,(S18a Tab S13),upper limit of temperature optimum for photosynthesis,LPJmL4 default,,productivity
TrBR,TEMP_PHOTOS_HIGH_TrBR,30,25,35,TRUE,°C,(S18a Tab S13),upper limit of temperature optimum for photosynthesis,LPJmL4 default,,productivity
TrH,TEMP_PHOTOS_HIGH_TrH,45,40,50,TRUE,°C,(S18a Tab S13),upper limit of temperature optimum for photosynthesis,LPJmL4 default,,productivity
BoBS,TEMP_PHOTOS_LOW_BoBS,15,10,20,TRUE,°C,(S18a Tab S13),lower limit of temperature optimum for photosynthesis,LPJmL4 default,,productivity
BoNE,TEMP_PHOTOS_LOW_BoNE,15,10,20,TRUE,°C,(S18a Tab S13),lower limit of temperature optimum for photosynthesis,LPJmL4 default,,productivity
BoNS,TEMP_PHOTOS_LOW_BoNS,15,10,20,TRUE,°C,(S18a Tab S13),lower limit of temperature optimum for photosynthesis,LPJmL4 default,,productivity
PoH,TEMP_PHOTOS_LOW_PoH,10,5,15,TRUE,°C,(S18a Tab S13),lower limit of temperature optimum for photosynthesis,LPJmL4 default,,productivity
TeBE,TEMP_PHOTOS_LOW_TeBE,20,15,25,TRUE,°C,(S18a Tab S13),lower limit of temperature optimum for photosynthesis,LPJmL4 default,,productivity
TeBS,TEMP_PHOTOS_LOW_TeBS,20,15,25,TRUE,°C,(S18a Tab S13),lower limit of temperature optimum for photosynthesis,LPJmL4 default,,productivity
TeH,TEMP_PHOTOS_LOW_TeH,10,5,15,TRUE,°C,(S18a Tab S13),lower limit of temperature optimum for photosynthesis,LPJmL4 default,,productivity
TeNE,TEMP_PHOTOS_LOW_TeNE,20,15,25,TRUE,°C,(S18a Tab S13),lower limit of temperature optimum for photosynthesis,LPJmL4 default,,productivity
TrBE,TEMP_PHOTOS_LOW_TrBE,25,20,30,TRUE,°C,(S18a Tab S13),lower limit of temperature optimum for photosynthesis,LPJmL4 default,,productivity
TrBR,TEMP_PHOTOS_LOW_TrBR,25,20,30,TRUE,°C,(S18a Tab S13),lower limit of temperature optimum for photosynthesis,LPJmL4 default,,productivity
TrH,TEMP_PHOTOS_LOW_TrH,20,15,25,TRUE,°C,(S18a Tab S13),lower limit of temperature optimum for photosynthesis,LPJmL4 default,,productivity
global,THETA,0.7,0.56,0.84,FALSE,-,S18a Tab S6,Co-limitation (shape) parameter,LPJmL4 default,TRUE,productivity
BoBS,TMAX_BASE_BoBS,41.51,20.755,62.265,TRUE,°C,F14 Tab S5,inflection point of heat-limiting function,LPJmL4 default,,phenology
BoNE,TMAX_BASE_BoNE,27.32,13.66,40.98,TRUE,°C,F14 Tab S5,inflection point of heat-limiting function,LPJmL4 default,,phenology
BoNS,TMAX_BASE_BoNS,44.6,22.3,66.9,TRUE,°C,F14 Tab S5,inflection point of heat-limiting function,LPJmL4 default,,phenology
PoH,TMAX_BASE_PoH,26.12,13.06,39.18,TRUE,°C,F14 Tab S5,inflection point of heat-limiting function,LPJmL4 default,,phenology
TeBE,TMAX_BASE_TeBE,41.12,20.56,61.68,TRUE,°C,F14 Tab S5,inflection point of heat-limiting function,LPJmL4 default,,phenology
TeBS,TMAX_BASE_TeBS,41.51,20.755,62.265,TRUE,°C,F14 Tab S5,inflection point of heat-limiting function,LPJmL4 default,,phenology
TeH,TMAX_BASE_TeH,32.04,16.02,48.06,TRUE,°C,F14 Tab S5,inflection point of heat-limiting function,LPJmL4 default,,phenology
TeNE,TMAX_BASE_TeNE,35.26,17.63,52.89,TRUE,°C,F14 Tab S5,inflection point of heat-limiting function,LPJmL4 default,,phenology
TrBE,TMAX_BASE_TrBE,38.64,19.32,57.96,TRUE,°C,F14 Tab S5,inflection point of heat-limiting function,LPJmL4 default,,phenology
TrBR,TMAX_BASE_TrBR,38.64,19.32,57.96,TRUE,°C,F14 Tab S5,inflection point of heat-limiting function,LPJmL4 default,,phenology
TrH,TMAX_BASE_TrH,29.16,14.58,43.74,TRUE,°C,F14 Tab S5,inflection point of heat-limiting function,LPJmL4 default,,phenology
BoBS,TMAX_SLOPE_BoBS,1.74,0.87,2.61,TRUE,1/°C,F14 Tab S5,Slope of heat-limiting function,LPJmL4 default,,phenology
BoNE,TMAX_SLOPE_BoNE,0.24,0.12,0.36,TRUE,1/°C,F14 Tab S5,Slope of heat-limiting function,LPJmL4 default,,phenology
BoNS,TMAX_SLOPE_BoNS,0.24,0.12,0.36,TRUE,1/°C,F14 Tab S5,Slope of heat-limiting function,LPJmL4 default,,phenology
PoH,TMAX_SLOPE_PoH,0.24,0.12,0.36,TRUE,1/°C,F14 Tab S5,Slope of heat-limiting function,LPJmL4 default,,phenology
TeBE,TMAX_SLOPE_TeBE,0.98,0.49,1.47,TRUE,1/°C,F14 Tab S5,Slope of heat-limiting function,LPJmL4 default,,phenology
TeBS,TMAX_SLOPE_TeBS,1.74,0.87,2.61,TRUE,1/°C,F14 Tab S5,Slope of heat-limiting function,LPJmL4 default,,phenology
TeH,TMAX_SLOPE_TeH,0.24,0.12,0.36,TRUE,1/°C,F14 Tab S5,Slope of heat-limiting function,LPJmL4 default,,phenology
TeNE,TMAX_SLOPE_TeNE,1.83,0.915,2.745,TRUE,1/°C,F14 Tab S5,Slope of heat-limiting function,LPJmL4 default,,phenology
TrBE,TMAX_SLOPE_TrBE,1.86,0.93,2.79,TRUE,1/°C,F14 Tab S5,Slope of heat-limiting function,LPJmL4 default,,phenology
TrBR,TMAX_SLOPE_TrBR,1.625,0.8125,2.4375,TRUE,1/°C,F14 Tab S5,Slope of heat-limiting function,LPJmL4 default,,phenology
TrH,TMAX_SLOPE_TrH,1.47,0.735,2.205,TRUE,1/°C,F14 Tab S5,Slope of heat-limiting function,LPJmL4 default,,phenology
BoBS,TMAX_TAU_BoBS,0.2,0.1,0.3,TRUE,-,F14 Tab S5,Change rate of actual to previous day value,LPJmL4 default,,phenology
BoNE,TMAX_TAU_BoNE,0.2,0.1,0.3,TRUE,-,F14 Tab S5,Change rate of actual to previous day value,LPJmL4 default,,phenology
BoNS,TMAX_TAU_BoNS,0.2,0.1,0.3,TRUE,-,F14 Tab S5,Change rate of actual to previous day value,LPJmL4 default,,phenology
PoH,TMAX_TAU_PoH,0.2,0.1,0.3,TRUE,-,F14 Tab S5,Change rate of actual to previous day value,LPJmL4 default,,phenology
TeBE,TMAX_TAU_TeBE,0.2,0.1,0.3,TRUE,-,F14 Tab S5,Change rate of actual to previous day value,LPJmL4 default,,phenology
TeBS,TMAX_TAU_TeBS,0.2,0.1,0.3,TRUE,-,F14 Tab S5,Change rate of actual to previous day value,LPJmL4 default,,phenology
TeH,TMAX_TAU_TeH,0.2,0.1,0.3,TRUE,-,F14 Tab S5,Change rate of actual to previous day value,LPJmL4 default,,phenology
TeNE,TMAX_TAU_TeNE,0.2,0.1,0.3,TRUE,-,F14 Tab S5,Change rate of actual to previous day value,LPJmL4 default,,phenology
TrBE,TMAX_TAU_TrBE,0.2,0.1,0.3,TRUE,-,F14 Tab S5,Change rate of actual to previous day value,LPJmL4 default,,phenology
TrBR,TMAX_TAU_TrBR,0.2,0.1,0.3,TRUE,-,F14 Tab S5,Change rate of actual to previous day value,LPJmL4 default,,phenology
TrH,TMAX_TAU_TrH,0.2,0.1,0.3,TRUE,-,F14 Tab S5,Change rate of actual to previous day value,LPJmL4 default,,phenology
BoBS,TMIN_BASE_BoBS,2.045,1.0225,3.0675,TRUE,°C,F14 Tab S5,inflection point of cold-limiting function,LPJmL4 default,,phenology
BoNE,TMIN_BASE_BoNE,-7.516,-3.758,-11.274,TRUE,°C,F14 Tab S5,inflection point of cold-limiting function,LPJmL4 default,,phenology
BoNS,TMIN_BASE_BoNS,-4.165,-2.0825,-6.2475,TRUE,°C,F14 Tab S5,inflection point of cold-limiting function,LPJmL4 default,,phenology
PoH,TMIN_BASE_PoH,2.79,1.395,4.185,TRUE,°C,F14 Tab S5,inflection point of cold-limiting function,LPJmL4 default,,phenology
TeBE,TMIN_BASE_TeBE,-0.6297,-0.31485,-0.94455,TRUE,°C,F14 Tab S5,inflection point of cold-limiting function,LPJmL4 default,,phenology
TeBS,TMIN_BASE_TeBS,13.69,6.845,20.535,TRUE,°C,F14 Tab S5,inflection point of cold-limiting function,LPJmL4 default,,phenology
TeH,TMIN_BASE_TeH,4.979,2.4895,7.4685,TRUE,°C,F14 Tab S5,inflection point of cold-limiting function,LPJmL4 default,,phenology
TeNE,TMIN_BASE_TeNE,-7.813,-3.9065,-11.7195,TRUE,°C,F14 Tab S5,inflection point of cold-limiting function,LPJmL4 default,,phenology
TrBE,TMIN_BASE_TrBE,8.3,4.15,12.45,TRUE,°C,F14 Tab S5,inflection point of cold-limiting function,LPJmL4 default,,phenology
TrBR,TMIN_BASE_TrBR,7.66,3.83,11.49,TRUE,°C,F14 Tab S5,inflection point of cold-limiting function,LPJmL4 default,,phenology
TrH,TMIN_BASE_TrH,6.418,3.209,9.627,TRUE,°C,F14 Tab S5,inflection point of cold-limiting function,LPJmL4 default,,phenology
BoBS,TMIN_SLOPE_BoBS,0.2153,0.10765,0.32295,TRUE,1/°C,F14 Tab S5,Slope of cold-limiting function,LPJmL4 default,,phenology
BoNE,TMIN_SLOPE_BoNE,0.1008,0.0504,0.1512,TRUE,1/°C,F14 Tab S5,Slope of cold-limiting function,LPJmL4 default,,phenology
BoNS,TMIN_SLOPE_BoNS,0.15,0.075,0.225,TRUE,1/°C,F14 Tab S5,Slope of cold-limiting function,LPJmL4 default,,phenology
PoH,TMIN_SLOPE_PoH,0.13,0.065,0.195,TRUE,1/°C,F14 Tab S5,Slope of cold-limiting function,LPJmL4 default,,phenology
TeBE,TMIN_SLOPE_TeBE,0.55,0.275,0.825,TRUE,1/°C,F14 Tab S5,Slope of cold-limiting function,LPJmL4 default,,phenology
TeBS,TMIN_SLOPE_TeBS,0.2591,0.12955,0.38865,TRUE,1/°C,F14 Tab S5,Slope of cold-limiting function,LPJmL4 default,,phenology
TeH,TMIN_SLOPE_TeH,0.3111,0.15555,0.46665,TRUE,1/°C,F14 Tab S5,Slope of cold-limiting function,LPJmL4 default,,phenology
TeNE,TMIN_SLOPE_TeNE,0.2172,0.1086,0.3258,TRUE,1/°C,F14 Tab S5,Slope of cold-limiting function,LPJmL4 default,,phenology
TrBE,TMIN_SLOPE_TrBE,1.01,0.505,1.515,TRUE,1/°C,F14 Tab S5,Slope of cold-limiting function,LPJmL4 default,,phenology
TrBR,TMIN_SLOPE_TrBR,0.24,0.12,0.36,TRUE,1/°C,F14 Tab S5,Slope of cold-limiting function,LPJmL4 default,,phenology
TrH,TMIN_SLOPE_TrH,0.91,0.455,1.365,TRUE,1/°C,F14 Tab S5,Slope of cold-limiting function,LPJmL4 default,,phenology
BoBS,TMIN_TAU_BoBS,0.2,0.1,0.3,TRUE,-,F14 Tab S5,Change rate of actual to previous day value,LPJmL4 default,,phenology
BoNE,TMIN_TAU_BoNE,0.2,0.1,0.3,TRUE,-,F14 Tab S5,Change rate of actual to previous day value,LPJmL4 default,,phenology
BoNS,TMIN_TAU_BoNS,0.2,0.1,0.3,TRUE,-,F14 Tab S5,Change rate of actual to previous day value,LPJmL4 default,,phenology
PoH,TMIN_TAU_PoH,0.2,0.1,0.3,TRUE,-,F14 Tab S5,Change rate of actual to previous day value,LPJmL4 default,,phenology
TeBE,TMIN_TAU_TeBE,0.2,0.1,0.3,TRUE,-,F14 Tab S5,Change rate of actual to previous day value,LPJmL4 default,,phenology
TeBS,TMIN_TAU_TeBS,0.2,0.1,0.3,TRUE,-,F14 Tab S5,Change rate of actual to previous day value,LPJmL4 default,,phenology
TeH,TMIN_TAU_TeH,0.01011,0.005055,0.015165,TRUE,-,F14 Tab S5,Change rate of actual to previous day value,LPJmL4 default,,phenology
TeNE,TMIN_TAU_TeNE,0.2,0.1,0.3,TRUE,-,F14 Tab S5,Change rate of actual to previous day value,LPJmL4 default,,phenology
TrBE,TMIN_TAU_TrBE,0.2,0.1,0.3,TRUE,-,F14 Tab S5,Change rate of actual to previous day value,LPJmL4 default,,phenology
TrBR,TMIN_TAU_TrBR,0.2,0.1,0.3,TRUE,-,F14 Tab S5,Change rate of actual to previous day value,LPJmL4 default,,phenology
TrH,TMIN_TAU_TrH,0.2,0.1,0.3,TRUE,-,F14 Tab S5,Change rate of actual to previous day value,LPJmL4 default,,phenology
BoBS,TURNOVER_LEAF_BoBS,1,0.5,2,TRUE,a,S18a Tab S8,leaf turnover time,LPJmL4 default,,turnover
BoNE,TURNOVER_LEAF_BoNE,4,2,8,TRUE,a,S18a Tab S8,leaf turnover time,LPJmL4 default,,turnover
BoNS,TURNOVER_LEAF_BoNS,1,0.5,2,TRUE,a,S18a Tab S8,leaf turnover time,LPJmL4 default,,turnover
PoH,TURNOVER_LEAF_PoH,1,0.5,2,TRUE,a,S18a Tab S8,leaf turnover time,LPJmL4 default,,turnover
TeBE,TURNOVER_LEAF_TeBE,1,0.5,2,TRUE,a,S18a Tab S8,leaf turnover time,LPJmL4 default,,turnover
TeBS,TURNOVER_LEAF_TeBS,1,0.5,2,TRUE,a,S18a Tab S8,leaf turnover time,LPJmL4 default,,turnover
TeH,TURNOVER_LEAF_TeH,1,0.5,2,TRUE,a,S18a Tab S8,leaf turnover time,LPJmL4 default,,turnover
TeNE,TURNOVER_LEAF_TeNE,4,2,8,TRUE,a,S18a Tab S8,leaf turnover time,LPJmL4 default,,turnover
TrBE,TURNOVER_LEAF_TrBE,2,1,4,TRUE,a,S18a Tab S8,leaf turnover time,LPJmL4 default,,turnover
TrBR,TURNOVER_LEAF_TrBR,1,0.5,2,TRUE,a,S18a Tab S8,leaf turnover time,LPJmL4 default,,turnover
TrH,TURNOVER_LEAF_TrH,1,0.5,2,TRUE,a,S18a Tab S8,leaf turnover time,LPJmL4 default,,turnover
BoBS,TURNOVER_SAPWOOD_BoBS,20,5,100,TRUE,a,S18a Tab S8,sapwood turnover time,LPJmL4 default,TRUE,turnover
BoNE,TURNOVER_SAPWOOD_BoNE,20,5,100,TRUE,a,S18a Tab S8,sapwood turnover time,LPJmL4 default,TRUE,turnover
BoNS,TURNOVER_SAPWOOD_BoNS,20,5,100,TRUE,a,S18a Tab S8,sapwood turnover time,LPJmL4 default,TRUE,turnover
TeBE,TURNOVER_SAPWOOD_TeBE,20,5,100,TRUE,a,S18a Tab S8,sapwood turnover time,LPJmL4 default,TRUE,turnover
TeBS,TURNOVER_SAPWOOD_TeBS,20,5,100,TRUE,a,S18a Tab S8,sapwood turnover time,LPJmL4 default,TRUE,turnover
TeNE,TURNOVER_SAPWOOD_TeNE,20,5,100,TRUE,a,S18a Tab S8,sapwood turnover time,LPJmL4 default,TRUE,turnover
TrBE,TURNOVER_SAPWOOD_TrBE,20,5,100,TRUE,a,S18a Tab S8,sapwood turnover time,LPJmL4 default,TRUE,turnover
TrBR,TURNOVER_SAPWOOD_TrBR,20,5,100,TRUE,a,S18a Tab S8,sapwood turnover time,LPJmL4 default,TRUE,turnover
BoBS,TWMAX_BoBS,23,18,30,TRUE,°C,S18a Tab S6,Parameter for heat damage function,LPJmL4 default,,mortality
BoNE,TWMAX_BoNE,23,18,30,TRUE,°C,S18a Tab S6,Parameter for heat damage function,LPJmL4 default,,mortality
BoNS,TWMAX_BoNS,23,18,30,TRUE,°C,S18a Tab S6,Parameter for heat damage function,LPJmL4 default,,mortality
BoBS,TWMAX_DAILY_BoBS,25,18,32,TRUE,°C,S18a Tab S6,Parameter for heat damage function,LPJmL4 default,,mortality
BoNE,TWMAX_DAILY_BoNE,25,18,32,TRUE,°C,S18a Tab S6,Parameter for heat damage function,LPJmL4 default,,mortality
BoNS,TWMAX_DAILY_BoNS,25,18,32,TRUE,°C,S18a Tab S6,Parameter for heat damage function,LPJmL4 default,,mortality
PoH,TWMAX_DAILY_PoH,999,998,1000,TRUE,°C,S18a Tab S6,Parameter for heat damage function,LPJmL4 default,,mortality
TeBE,TWMAX_DAILY_TeBE,999,998,1000,TRUE,°C,S18a Tab S6,Parameter for heat damage function,LPJmL4 default,,mortality
TeBS,TWMAX_DAILY_TeBS,999,998,1000,TRUE,°C,S18a Tab S6,Parameter for heat damage function,LPJmL4 default,,mortality
TeH,TWMAX_DAILY_TeH,999,998,1000,TRUE,°C,S18a Tab S6,Parameter for heat damage function,LPJmL4 default,,mortality
TeNE,TWMAX_DAILY_TeNE,999,998,1000,TRUE,°C,S18a Tab S6,Parameter for heat damage function,LPJmL4 default,,mortality
TrBE,TWMAX_DAILY_TrBE,999,998,1000,TRUE,°C,S18a Tab S6,Parameter for heat damage function,LPJmL4 default,,mortality
TrBR,TWMAX_DAILY_TrBR,999,998,1000,TRUE,°C,S18a Tab S6,Parameter for heat damage function,LPJmL4 default,,mortality
TrH,TWMAX_DAILY_TrH,999,998,1000,TRUE,°C,S18a Tab S6,Parameter for heat damage function,LPJmL4 default,,mortality
PoH,TWMAX_PoH,999,998,1000,TRUE,°C,S18a Tab S6,Parameter for heat damage function,LPJmL4 default,,mortality
TeBE,TWMAX_TeBE,999,998,1000,TRUE,°C,S18a Tab S6,Parameter for heat damage function,LPJmL4 default,,mortality
TeBS,TWMAX_TeBS,999,998,1000,TRUE,°C,S18a Tab S6,Parameter for heat damage function,LPJmL4 default,,mortality
TeH,TWMAX_TeH,999,998,1000,TRUE,°C,S18a Tab S6,Parameter for heat damage function,LPJmL4 default,,mortality
TeNE,TWMAX_TeNE,999,998,1000,TRUE,°C,S18a Tab S6,Parameter for heat damage function,LPJmL4 default,,mortality
TrBE,TWMAX_TrBE,999,998,1000,TRUE,°C,S18a Tab S6,Parameter for heat damage function,LPJmL4 default,,mortality
TrBR,TWMAX_TrBR,999,998,1000,TRUE,°C,S18a Tab S6,Parameter for heat damage function,LPJmL4 default,,mortality
TrH,TWMAX_TrH,999,998,1000,TRUE,°C,S18a Tab S6,Parameter for heat damage function,LPJmL4 default,,mortality
BoBS,WSCAL_BASE_BoBS,20.96,10.48,31.44,TRUE,%/100,F14 Tab S5,inflection point of water-limiting function,LPJmL4 default,,phenology
BoNE,WSCAL_BASE_BoNE,0.007695,0.003848,0.011543,TRUE,%/100,F14 Tab S5,inflection point of water-limiting function,LPJmL4 default,,phenology
BoNS,WSCAL_BASE_BoNS,2.344,1.172,3.516,TRUE,%/100,F14 Tab S5,inflection point of water-limiting function,LPJmL4 default,,phenology
PoH,WSCAL_BASE_PoH,1,0.5,1.5,TRUE,%/100,F14 Tab S5,inflection point of water-limiting function,LPJmL4 default,,phenology
TeBE,WSCAL_BASE_TeBE,8.821,4.4105,13.2315,TRUE,%/100,F14 Tab S5,inflection point of water-limiting function,LPJmL4 default,,phenology
TeBS,WSCAL_BASE_TeBS,20.96,10.48,31.44,TRUE,%/100,F14 Tab S5,inflection point of water-limiting function,LPJmL4 default,,phenology
TeH,WSCAL_BASE_TeH,53.07,26.535,79.605,TRUE,%/100,F14 Tab S5,inflection point of water-limiting function,LPJmL4 default,,phenology
TeNE,WSCAL_BASE_TeNE,8.613,4.3065,12.9195,TRUE,%/100,F14 Tab S5,inflection point of water-limiting function,LPJmL4 default,,phenology
TrBE,WSCAL_BASE_TrBE,4.997,2.4985,7.4955,TRUE,%/100,F14 Tab S5,inflection point of water-limiting function,LPJmL4 default,,phenology
TrBR,WSCAL_BASE_TrBR,22.21,11.105,33.315,TRUE,%/100,F14 Tab S5,inflection point of water-limiting function,LPJmL4 default,,phenology
TrH,WSCAL_BASE_TrH,41.72,20.86,62.58,TRUE,%/100,F14 Tab S5,inflection point of water-limiting function,LPJmL4 default,,phenology
BoBS,WSCAL_SLOPE_BoBS,5.24,2.62,7.86,TRUE,%/100,F14 Tab S5,Slope of water-limiting function,LPJmL4 default,,phenology
BoNE,WSCAL_SLOPE_BoNE,5,2.5,7.5,TRUE,%/100,F14 Tab S5,Slope of water-limiting function,LPJmL4 default,,phenology
BoNS,WSCAL_SLOPE_BoNS,5,2.5,7.5,TRUE,%/100,F14 Tab S5,Slope of water-limiting function,LPJmL4 default,,phenology
PoH,WSCAL_SLOPE_PoH,0.88,0.44,1.32,TRUE,%/100,F14 Tab S5,Slope of water-limiting function,LPJmL4 default,,phenology
TeBE,WSCAL_SLOPE_TeBE,5,2.5,7.5,TRUE,%/100,F14 Tab S5,Slope of water-limiting function,LPJmL4 default,,phenology
TeBS,WSCAL_SLOPE_TeBS,5.24,2.62,7.86,TRUE,%/100,F14 Tab S5,Slope of water-limiting function,LPJmL4 default,,phenology
TeH,WSCAL_SLOPE_TeH,0.5222,0.2611,0.7833,TRUE,%/100,F14 Tab S5,Slope of water-limiting function,LPJmL4 default,,phenology
TeNE,WSCAL_SLOPE_TeNE,5,2.5,7.5,TRUE,%/100,F14 Tab S5,Slope of water-limiting function,LPJmL4 default,,phenology
TrBE,WSCAL_SLOPE_TrBE,5.14,2.57,7.71,TRUE,%/100,F14 Tab S5,Slope of water-limiting function,LPJmL4 default,,phenology
TrBR,WSCAL_SLOPE_TrBR,7.97,3.985,11.955,TRUE,%/100,F14 Tab S5,Slope of water-limiting function,LPJmL4 default,,phenology
TrH,WSCAL_SLOPE_TrH,0.1,0.05,0.15,TRUE,%/100,F14 Tab S5,Slope of water-limiting function,LPJmL4 default,,phenology
BoBS,WSCAL_TAU_BoBS,0.8,0.4,1.2,TRUE,%/100,F14 Tab S5,Change rate of actual to previous day value,LPJmL4 default,,phenology
BoNE,WSCAL_TAU_BoNE,0.8,0.4,1.2,TRUE,%/100,F14 Tab S5,Change rate of actual to previous day value,LPJmL4 default,,phenology
BoNS,WSCAL_TAU_BoNS,0.8,0.4,1.2,TRUE,%/100,F14 Tab S5,Change rate of actual to previous day value,LPJmL4 default,,phenology
PoH,WSCAL_TAU_PoH,0.94,0.47,1.41,TRUE,%/100,F14 Tab S5,Change rate of actual to previous day value,LPJmL4 default,,phenology
TeBE,WSCAL_TAU_TeBE,0.8,0.4,1.2,TRUE,%/100,F14 Tab S5,Change rate of actual to previous day value,LPJmL4 default,,phenology
TeBS,WSCAL_TAU_TeBS,0.8,0.4,1.2,TRUE,%/100,F14 Tab S5,Change rate of actual to previous day value,LPJmL4 default,,phenology
TeH,WSCAL_TAU_TeH,0.01001,0.005005,0.015015,TRUE,%/100,F14 Tab S5,Change rate of actual to previous day value,LPJmL4 default,,phenology
TeNE,WSCAL_TAU_TeNE,0.8,0.4,1.2,TRUE,%/100,F14 Tab S5,Change rate of actual to previous day value,LPJmL4 default,,phenology
TrBE,WSCAL_TAU_TrBE,0.44,0.22,0.66,TRUE,%/100,F14 Tab S5,Change rate of actual to previous day value,LPJmL4 default,,phenology
TrBR,WSCAL_TAU_TrBR,0.1348,0.0674,0.2022,TRUE,%/100,F14 Tab S5,Change rate of actual to previous day value,LPJmL4 default,,phenology
TrH,WSCAL_TAU_TrH,0.17,0.085,0.255,TRUE,%/100,F14 Tab S5,Change rate of actual to previous day value,LPJmL4 default,,phenology
BoBS,SIF_A_BoBS,0.311,0.2177,0.4043,TRUE,-,Linear regression against FLUXCOM GPP,slope in GPP-SIF relationship,LPJmL4 default,,productivity
BoNE,SIF_A_BoNE,0.19,0.133,0.247,TRUE,-,Linear regression against FLUXCOM GPP,slope in GPP-SIF relationship,LPJmL4 default,,productivity
BoNS,SIF_A_BoNS,0.233,0.1631,0.3029,TRUE,-,Linear regression against FLUXCOM GPP,slope in GPP-SIF relationship,LPJmL4 default,,productivity
PoH,SIF_A_PoH,0.469,0.3283,0.6097,TRUE,-,Linear regression against FLUXCOM GPP,slope in GPP-SIF relationship,LPJmL4 default,,productivity
TeBE,SIF_A_TeBE,0.216,0.1512,0.2808,TRUE,-,Linear regression against FLUXCOM GPP,slope in GPP-SIF relationship,LPJmL4 default,,productivity
TeBS,SIF_A_TeBS,0.278,0.1946,0.3614,TRUE,-,Linear regression against FLUXCOM GPP,slope in GPP-SIF relationship,LPJmL4 default,,productivity
TeH,SIF_A_TeH,0.421,0.2947,0.5473,TRUE,-,Linear regression against FLUXCOM GPP,slope in GPP-SIF relationship,LPJmL4 default,,productivity
TeNE,SIF_A_TeNE,0.22,0.154,0.286,TRUE,-,Linear regression against FLUXCOM GPP,slope in GPP-SIF relationship,LPJmL4 default,,productivity
TrBE,SIF_A_TrBE,0.1,0.08,0.4875,TRUE,-,Linear regression against FLUXCOM GPP,slope in GPP-SIF relationship,LPJmL4 default,,productivity
TrBR,SIF_A_TrBR,0.258,0.1806,0.3354,TRUE,-,Linear regression against FLUXCOM GPP,slope in GPP-SIF relationship,LPJmL4 default,,productivity
TrH,SIF_A_TrH,0.375,0.2625,0.4875,TRUE,-,Linear regression against FLUXCOM GPP,slope in GPP-SIF relationship,LPJmL4 default,,productivity
BoBS,SIF_B_BoBS,0.092,0.0644,0.1196,TRUE,-,Linear regression against FLUXCOM GPP,Intercept in GPP-SIF relationship,LPJmL4 default,,productivity
BoNE,SIF_B_BoNE,0.128,0.0896,0.1664,TRUE,-,Linear regression against FLUXCOM GPP,Intercept in GPP-SIF relationship,LPJmL4 default,,productivity
BoNS,SIF_B_BoNS,-0.019,-0.0247,-0.0133,TRUE,-,Linear regression against FLUXCOM GPP,Intercept in GPP-SIF relationship,LPJmL4 default,,productivity
PoH,SIF_B_PoH,-0.043,-0.0559,-0.0301,TRUE,-,Linear regression against FLUXCOM GPP,Intercept in GPP-SIF relationship,LPJmL4 default,,productivity
TeBE,SIF_B_TeBE,0.445,0.3115,0.5785,TRUE,-,Linear regression against FLUXCOM GPP,Intercept in GPP-SIF relationship,LPJmL4 default,,productivity
TeBS,SIF_B_TeBS,0.404,0.2828,0.5252,TRUE,-,Linear regression against FLUXCOM GPP,Intercept in GPP-SIF relationship,LPJmL4 default,,productivity
TeH,SIF_B_TeH,0.106,0.0742,0.1378,TRUE,-,Linear regression against FLUXCOM GPP,Intercept in GPP-SIF relationship,LPJmL4 default,,productivity
TeNE,SIF_B_TeNE,0.261,0.1827,0.3393,TRUE,-,Linear regression against FLUXCOM GPP,Intercept in GPP-SIF relationship,LPJmL4 default,,productivity
TrBE,SIF_B_TrBE,1.349,0.1379,1.7537,TRUE,-,Linear regression against FLUXCOM GPP,Intercept in GPP-SIF relationship,LPJmL4 default,,productivity
TrBR,SIF_B_TrBR,0.448,0.3136,0.5824,TRUE,-,Linear regression against FLUXCOM GPP,Intercept in GPP-SIF relationship,LPJmL4 default,,productivity
TrH,SIF_B_TrH,0.197,0.1379,0.2561,TRUE,-,Linear regression against FLUXCOM GPP,Intercept in GPP-SIF relationship,LPJmL4 default,,productivity
global,FIREDURA,-11.06,-13,-9,FALSE,,,,,,
global,WVPD_PAR,6,1,20,FALSE,,,,,,
global,WVPD_Z,1,0.1,1.5,FALSE,,,,,,
global,WVPD_RH,1,0.1,1.5,FALSE,,,,,,
global,WVPD_R,1,0.1,1.5,FALSE,,,,,,
global,WVPD_VD,1,0.1,1.5,FALSE,,,,,,
global,FIRE_INTENS,1E-06,1E-07,1E-05,FALSE,,,,,,
global,HUM_IGN,-0.5,-0.4,-0.6,FALSE,,,,,,
TrBE,FUELBULKDENSITY_TrBE,25,22.5,27.5,TRUE,,,,,,
TrBR,FUELBULKDENSITY_TrBR,13,11.7,14.3,TRUE,,,,,,
TrH,FUELBULKDENSITY_TrH,2,1.8,2.2,TRUE,,,,,,
